Barcode,GC,cell_type
AAACAAGTATCTCCCA-1,,0
AAACAATCTACTAGCA-1,,0
AAACACCAATAACTGC-1,,0
AAACAGAGCGACTCCT-1,,0
AAACAGCTTTCAGAAG-1,,0
AAACAGGGTCTATATT-1,,0
AAACAGTGTTCCTGGG-1,,0
AAACATTTCCCGGATT-1,,0
AAACCCGAACGAAATC-1,,0
AAACCGGGTAGGTACC-1,,0
AAACCGTTCGTCCAGG-1,,0
AAACCTAAGCAGCCGG-1,,0
AAACCTCATGAAGTTG-1,GC,1
AAACGAAGAACATACC-1,GC,1
AAACGAAGATGGAGTA-1,,0
AAACGAGACGGTTGAT-1,,0
AAACGGGCGTACGGGT-1,,0
AAACGGGTTGGTATCC-1,GC,1
AAACGGTTGCGAACTG-1,,0
AAACGTGTTCGCCCTA-1,,0
AAACTAACGTGGCGAC-1,,0
AAACTCGGTTCGCAAT-1,,0
AAACTCGTGATATAAG-1,,0
AAACTGCTGGCTCCAA-1,GC,1
AAACTTAATTGCACGC-1,GC,1
AAACTTGCAAACGTAT-1,,0
AAAGACATGAAGTTTA-1,,0
AAAGACCCAAGTCGCG-1,,0
AAAGACTGGGCGCTTT-1,,0
AAAGGCCCTATAATAC-1,,0
AAAGGCTACGGACCAT-1,,0
AAAGGCTCTCGCGCCG-1,,0
AAAGGGATGTAGCAAG-1,,0
AAAGGGCAGCTTGAAT-1,,0
AAAGGTAAGCTGTACC-1,,0
AAAGTAGCATTGCTCA-1,,0
AAAGTCACTGATGTAA-1,,0
AAAGTCGACCCTCAGT-1,,0
AAAGTGTGATTTATCT-1,,0
AAAGTTGACTCCCGTA-1,,0
AAATAACCATACGGGA-1,,0
AAATAAGGTAGTGCCC-1,,0
AAATACCTATAAGCAT-1,,0
AAATAGCTTAGACTTT-1,,0
AAATAGGGTGCTATTG-1,,0
AAATCCGATACACGCC-1,,0
AAATCGCGGAAGGAGT-1,,0
AAATCGTGTACCACAA-1,,0
AAATCTAGCCCTGCTA-1,,0
AAATGACTGATCAAAC-1,,0
AAATGATTCGATCAGC-1,,0
AAATGCTCGTTACGTT-1,,0
AAATGGCATGTCTTGT-1,GC,1
AAATGGCCCGTGCCCT-1,,0
AAATGGTCAATGTGCC-1,,0
AAATGTGGGTGCTCCT-1,,0
AAATTACACGACTCTG-1,,0
AAATTACCTATCGATG-1,,0
AAATTCCAGGTCCAAA-1,,0
AAATTGATAGTCCTTT-1,,0
AAATTGCGGCGGTTCT-1,,0
AAATTTACCGAAATCC-1,,0
AAATTTGCGGGTGTGG-1,,0
AACAACTGGTAGTTGC-1,,0
AACAATACATTGTCGA-1,,0
AACAATTACTCTACGC-1,,0
AACACACGCTCGCCGC-1,,0
AACACGACTGTACTGA-1,,0
AACACGAGACGCGGCC-1,,0
AACACGCGGCCGCGAA-1,,0
AACAGCTGTGTGGCAA-1,,0
AACAGGAAATCGAATA-1,GC,1
AACAGGATGGGCCGCG-1,,0
AACAGGTAGTATGGAT-1,,0
AACATAGCGTGTATCG-1,GC,1
AACATATCAACTGGTG-1,,0
AACATCGATACGTCTA-1,GC,1
AACATTGAAGTTGATC-1,,0
AACATTGTGACTCGAG-1,,0
AACCAAGACTTCTCTG-1,,0
AACCAGTATCACTCTT-1,,0
AACCATAGGGTTGAAC-1,GC,1
AACCATGGGATCGCTA-1,,0
AACCCAGAGACGGAGA-1,,0
AACCCATCCCATGATC-1,,0
AACCCGACAACCCGTG-1,,0
AACCCGCTGTATTCCA-1,,0
AACCCTACTGTCAATA-1,,0
AACCCTGGTGGAACCA-1,,0
AACCGAGCTTGGTCAT-1,,0
AACCGCTAAGGGATGC-1,,0
AACCGTTGTGTTTGCT-1,GC,1
AACCTAAAGCCGTCCG-1,GC,1
AACCTCGCTTTAGCCC-1,GC,1
AACCTGTCACGGAATT-1,,0
AACCTTTAAATACGGT-1,,0
AACCTTTACGACGTCT-1,,0
AACGAAAGTCGTCCCA-1,,0
AACGATAATGCCGTAG-1,,0
AACGATAGAAGGGCCG-1,,0
AACGATATGTCAACTG-1,,0
AACGCGAACGGCAACA-1,GC,1
AACGCGACCTTGGGCG-1,,0
AACGCGGTCTCCAGCC-1,,0
AACGCTGTTGCTGAAA-1,,0
AACGGACGTACGTATA-1,,0
AACGGCCATCTCCGGT-1,,0
AACGTACTGTGGGTAC-1,,0
AACGTAGTCTACCCAT-1,,0
AACGTCAGACTAGTGG-1,,0
AACGTCATCCGGCTTG-1,,0
AACGTGATGAAGGACA-1,,0
AACGTGCGAAAGTCTC-1,,0
AACTACCCGTTTGTCA-1,,0
AACTAGCGTATCGCAC-1,,0
AACTAGGCTTGGGTGT-1,,0
AACTCAAGTTAATTGC-1,,0
AACTCCAGAGCGTGTT-1,,0
AACTCCTAATCCCATG-1,GC,1
AACTCGATGGCGCAGT-1,,0
AACTCTCAATAGAGCG-1,,0
AACTCTCAGTGTGCTC-1,,0
AACTGAGGTCAGCGTC-1,GC,1
AACTGATATTAGGCCT-1,,0
AACTGGGTCCCGACGT-1,,0
AACTGGGTTCGAGCCG-1,,0
AACTGGTGTGGGCCTT-1,,0
AACTTCTGCGTCTATC-1,,0
AACTTGCCCGTATGCA-1,,0
AACTTGCGTTCTCGCG-1,,0
AACTTTAGCTGCTGAG-1,,0
AAGAAGGATCAGTTAG-1,,0
AAGACATACGTGGTTT-1,,0
AAGACCAAATAACTCA-1,,0
AAGACCCAACTGAACA-1,,0
AAGACTAACCCGTTGT-1,,0
AAGACTCACGCCCACT-1,,0
AAGACTGCAAGCTACT-1,,0
AAGAGATGAATCGGTA-1,,0
AAGAGCTCTTTATCGG-1,,0
AAGAGGATGTACGCGA-1,,0
AAGAGGCATGGATCGC-1,,0
AAGAGGCCCTTTGGAA-1,,0
AAGATGGCACCGGACC-1,,0
AAGATTGGCGGAACGT-1,,0
AAGCACCCTGCGTATC-1,,0
AAGCATACTCTCCTGA-1,,0
AAGCCACTTGCAGGTA-1,,0
AAGCCGAAGCGGTTTA-1,,0
AAGCCGCCGTGAAATC-1,,0
AAGCGCAGGGCTTTGA-1,,0
AAGCGGCGTCATGGGT-1,,0
AAGCGTCCCTCATCGA-1,,0
AAGCTAGATCGAGTAA-1,,0
AAGCTCGTGCCAAGTC-1,,0
AAGCTCTTTCATGGTG-1,,0
AAGGAGAACTTATAAG-1,,0
AAGGAGCGGTTGGTGC-1,,0
AAGGATCGATCGCTTG-1,,0
AAGGATGAGGGACCTC-1,GC,1
AAGGCAGGCTGTCTCC-1,,0
AAGGCGCGTAAAGCTT-1,,0
AAGGCTGTGCTCATCG-1,,0
AAGGGAACGACTGGCT-1,GC,1
AAGGGACAGATTCTGT-1,,0
AAGGGACTATGCATTC-1,,0
AAGGTATCCTAATATA-1,,0
AAGGTGATAAACCAGC-1,,0
AAGTAAGCTTCCAAAC-1,,0
AAGTAGAAGACCGGGT-1,,0
AAGTAGTGACGCGAGG-1,,0
AAGTCAATTGTCGTCA-1,,0
AAGTGACGACCGAATT-1,,0
AAGTGAGTCGGGTTTA-1,,0
AAGTGCCTTGACTGTA-1,,0
AAGTGCGTTAGAATCT-1,,0
AAGTGCTTCTCTATTG-1,,0
AAGTGTTTGGAGACGG-1,,0
AAGTTCACTCCAAGCT-1,,0
AAGTTCAGTCTGCGTA-1,,0
AAGTTCGGCCAACAGG-1,,0
AAGTTGTGATGTTATA-1,,0
AAGTTTACTAATGGCA-1,GC,1
AAGTTTATGGGCCCAA-1,,0
AATAACAACGCTCGGC-1,,0
AATAACACTAGAACAA-1,,0
AATAAGTCCTCGAGAC-1,,0
AATACAATGTTTCAGG-1,,0
AATACCGGAGGGCTGT-1,,0
AATAGAACAGAGTGGC-1,,0
AATAGAATCTGTTTCA-1,,0
AATAGCAAGCCTCCTG-1,,0
AATAGCTACCGCGTGC-1,,0
AATAGGCACGACCCTT-1,,0
AATAGTCCGTCCCGAC-1,,0
AATATCAAGGTCGGAT-1,,0
AATATCGAATCAATGC-1,,0
AATATCGAGGGTTCTC-1,,0
AATATTGGAGTATTGA-1,GC,1
AATCAGACTGCAGGAC-1,,0
AATCAGGTTTCATTTA-1,,0
AATCATGTAAAGACTC-1,,0
AATCCAAGGGCCTGAG-1,,0
AATCCATGCAAGGGTG-1,,0
AATCCCGCTCAGAGCC-1,,0
AATCGAGGTCTCAAGG-1,GC,1
AATCGCCTCAGCGCCA-1,,0
AATCGCGCAGAGGACT-1,,0
AATCGGGACACTACGA-1,,0
AATCGTGAGCCGAGCA-1,,0
AATCTAGGTTTACTTG-1,,0
AATCTATGCCGGAGCC-1,GC,1
AATCTCTACTGTGGTT-1,,0
AATCTGCGTTGGGACG-1,,0
AATCTGGCTTTCTAGT-1,,0
AATCTGGGTAGACCCT-1,,0
AATGACAGCAATGTCT-1,,0
AATGACGTAGGATGTC-1,,0
AATGACTGTCAGCCGG-1,,0
AATGAGTTCGCATATG-1,GC,1
AATGATGATACGCTAT-1,,0
AATGATGCGACTCCTG-1,,0
AATGCAACCGGGTACC-1,,0
AATGCACCAAGCAATG-1,,0
AATGGTCCACCGTTCA-1,,0
AATGGTTCTCACAAGC-1,,0
AATGTATGGCACTGTA-1,GC,1
AATGTGCCCGAGGTGT-1,,0
AATGTGCTAATCTGAG-1,,0
AATGTTAAGACCCTGA-1,GC,1
AATTAAAGGTCGGCGT-1,,0
AATTAACGGATTTCCA-1,,0
AATTACGAGACCCATC-1,,0
AATTAGCGCTGCAGCG-1,,0
AATTATACCCAGCAAG-1,,0
AATTCATAAGGGATCT-1,,0
AATTCATTGTCATGCA-1,,0
AATTCCAAGCATGTAC-1,,0
AATTCGATTCGAGGAT-1,,0
AATTCTAGAGTTAGGC-1,,0
AATTGAACGCTCTGGT-1,GC,1
AATTGCAGCAATCGAC-1,,0
AATTGCGTGGATTACA-1,,0
AATTTGGGACATAGTA-1,GC,1
AATTTGGTTCCAAAGA-1,GC,1
ACAAACCATGCGTCCT-1,GC,1
ACAAACCGACAAGGCG-1,GC,1
ACAAACTCCATCAGAG-1,,0
ACAAAGCATGACCTAG-1,,0
ACAAATCGCACCGAAT-1,,0
ACAAATGGTAGTGTTT-1,GC,1
ACAAATTCAGATCTGA-1,,0
ACAACAGCATGAGCTA-1,,0
ACAACGGTCCCTGCGA-1,,0
ACAAGCAGTGCCTAGC-1,,0
ACAAGGAAATCCGCCC-1,,0
ACAAGGACAAGAGGTT-1,,0
ACAAGGATGCTTTAGG-1,GC,1
ACAAGGGCAGGCTCTG-1,,0
ACAAGTAATTGTAAGG-1,,0
ACAATAGTCGTACGTT-1,GC,1
ACAATCCATTTAAACC-1,,0
ACAATCGATCTTTATA-1,GC,1
ACAATGAATACGGAGA-1,,0
ACAATGATTCTTCTAC-1,,0
ACAATTGTGTCTCTTT-1,,0
ACAATTTGAGCAGTGG-1,,0
ACACAAAGACGGGTGG-1,,0
ACACACCAGGACCAGT-1,,0
ACACACTTTCTACACG-1,,0
ACACATGATCAAATCT-1,,0
ACACATTTCCGTAGAC-1,,0
ACACCACATAATTAGC-1,,0
ACACCCAGCATGCAGC-1,,0
ACACCCGAGAAATCCG-1,,0
ACACCGGTCTGACCGC-1,GC,1
ACACCTTAAGTAGGGC-1,,0
ACACCTTACTACTTGC-1,,0
ACACGAGACTCCTTCT-1,,0
ACACGGCACTATGCAT-1,,0
ACACGGGAACTTAGGG-1,,0
ACACGTAGGCCACAAG-1,,0
ACACTCCAATGTCACT-1,GC,1
ACACTGATCAAGGTGT-1,,0
ACACTGGGACAGTCGT-1,,0
ACAGAACTGAGAACAA-1,,0
ACAGATTAGGTTAGTG-1,,0
ACAGCATAGAGCCAGT-1,GC,1
ACAGCGACATTCTCAT-1,,0
ACAGCGCACCCGCAGC-1,,0
ACAGGCTTGCCCGACT-1,,0
ACAGGTGGAGGTGAGG-1,,0
ACAGTAATACAACTTG-1,,0
ACATAAGTCGTGGTGA-1,,0
ACATAATAAGGCGGTG-1,,0
ACATACAATCAAGCGG-1,,0
ACATCAGCTGGGACGC-1,GC,1
ACATCCCGGCCATACG-1,,0
ACATCCTGGTAACTGT-1,,0
ACATCGATCGTTTACC-1,,0
ACATCGCAATATTCGG-1,,0
ACATCGGTCAGCCGCG-1,,0
ACATCGTATGCAATGG-1,,0
ACATCGTTAACCTAGT-1,,0
ACATCTCAACGCGTAA-1,,0
ACATGGCGCCAAAGTA-1,,0
ACATTAGTTTATATCC-1,,0
ACATTCGCGCGGAATA-1,,0
ACCAAACACCCAGCGA-1,GC,1
ACCAAACTAGAAATCC-1,GC,1
ACCAACACCACACACT-1,,0
ACCAACCGCACTCCAC-1,,0
ACCAACGCTTATTTAT-1,,0
ACCAAGAACGCGTGTC-1,,0
ACCAATATGCAAGTTA-1,,0
ACCACAACTCAGAACA-1,,0
ACCACAAGTTTCTATC-1,,0
ACCACACGGTTGATGG-1,,0
ACCACCAATGTAACAA-1,,0
ACCACGTGCAGCTATA-1,,0
ACCAGCCCGGTCTTTG-1,,0
ACCAGGAGTGTGATCT-1,,0
ACCAGTGCCCGGTCAA-1,,0
ACCAGTGCGGGAGACG-1,,0
ACCATATCCGCAATAA-1,,0
ACCATCCGCCAACTAG-1,,0
ACCATCGTATATGGTA-1,,0
ACCCAACGCCCGTGGC-1,,0
ACCCACCTACATGCTC-1,,0
ACCCATCTTGAGGGTA-1,,0
ACCCATTTGTCCCTCT-1,,0
ACCCGAGCGAAATTAC-1,,0
ACCCGATTGGTTCCGA-1,,0
ACCCGGAAACTCCCAG-1,,0
ACCCGGATGACGCATC-1,,0
ACCCGGTTACACTTCC-1,,0
ACCCGTAGTCTAGTTG-1,,0
ACCCGTGTCATCAGTA-1,,0
ACCCTATAGGACTGAG-1,GC,1
ACCCTATGCCATATCG-1,,0
ACCCTCCCTTGCTATT-1,,0
ACCCTGGTAACGCCCT-1,,0
ACCCTTCATCTGCGAA-1,GC,1
ACCCTTTAGTTCTCCA-1,,0
ACCGAAAGGGCCCTGC-1,,0
ACCGAAGAGTCTGGTT-1,,0
ACCGACACATCTCCCA-1,,0
ACCGACTGAGTCCCAC-1,,0
ACCGAGTCTCCTTATT-1,,0
ACCGATAGGCATAACC-1,,0
ACCGATGGTAGCATCG-1,,0
ACCGCAATAACTGCCT-1,,0
ACCGCGGTGGAAGTCG-1,,0
ACCGCTAGTCATTGGT-1,,0
ACCGGGCCTTTGTTGA-1,,0
ACCGGTCAGGTACACC-1,,0
ACCGGTCTGAGTACGG-1,,0
ACCGTCCACTGGGCCC-1,,0
ACCGTGACCACGTGGG-1,,0
ACCGTTCCCGCTCTGA-1,GC,1
ACCTAAGTACCTTTCA-1,,0
ACCTAATCGACTTCCT-1,,0
ACCTACAGTATGTGGT-1,,0
ACCTACTATAAATCTA-1,,0
ACCTCCGCCCTCGCTG-1,,0
ACCTCCGTTATTCACC-1,,0
ACCTCGAACTTATGCT-1,GC,1
ACCTGCGTGTCATGTT-1,,0
ACCTTTCCTTTAGAAG-1,,0
ACGAAATGGGCGGCAC-1,,0
ACGACTCTAGGGCCGA-1,,0
ACGACTGGTCATACTC-1,,0
ACGAGAACCCATCACG-1,,0
ACGAGATATTTGCTTA-1,,0
ACGAGGATACCACTCT-1,,0
ACGAGGTTTACAACGT-1,,0
ACGAGTACGGATGCCC-1,,0
ACGATACATAGAACTA-1,,0
ACGATCATACATAGAG-1,,0
ACGATCATCTTGTAAA-1,,0
ACGATGCATATGTTAT-1,,0
ACGATGGATCCGATGC-1,,0
ACGCAAACTAATAGAT-1,,0
ACGCAATCACTACAGC-1,GC,1
ACGCATAAATGACATG-1,,0
ACGCATACGTTTACTA-1,,0
ACGCCACTCGAAACAG-1,,0
ACGCCAGATGATTTCT-1,,0
ACGCCCAGCTGTCGAT-1,,0
ACGCCGCTAGACGACC-1,GC,1
ACGCGAAGTCAGACGA-1,,0
ACGCGCTACACAGGGT-1,,0
ACGCTAGTGATACACT-1,,0
ACGCTGTGAGGCGTAG-1,,0
ACGCTTAGTGTCTCTC-1,,0
ACGGAATTTAGCAAAT-1,,0
ACGGACTCTCAAAGCG-1,,0
ACGGAGCGCAAATTAC-1,,0
ACGGATGGTGCGGATA-1,,0
ACGGCACTTGCTTGGG-1,,0
ACGGCCAACATGGACT-1,,0
ACGGCGACGATGGGAA-1,,0
ACGGCGGGTTGCCCTG-1,,0
ACGGCTGGATGTAGAA-1,,0
ACGGGAGTGTCGGCCC-1,,0
ACGGGCGTATGCGACA-1,,0
ACGGTCACCGAGAACA-1,,0
ACGTACAGATTTCTCT-1,,0
ACGTACTTTGGCACGG-1,GC,1
ACGTAGATTGCTGATG-1,,0
ACGTAGGAGAGTCGCT-1,,0
ACGTATTACTCCGATC-1,,0
ACGTCCTAAACGAGAT-1,GC,1
ACGTCTCGTTCCGGGA-1,,0
ACGTGCGCCTCGTGCA-1,,0
ACGTGGTCGAATGTGC-1,,0
ACGTTAATGTCGAAGA-1,GC,1
ACGTTAGATTTGCCCG-1,,0
ACGTTCACTATGCCGC-1,,0
ACGTTCCGCGCTCCGT-1,,0
ACGTTCGCAATCAATT-1,,0
ACGTTCGTTCAGGAAA-1,,0
ACGTTCTGTACAAGTC-1,,0
ACGTTGTCGTTGAAAG-1,,0
ACGTTTAGTTGTGATC-1,GC,1
ACTAATACGTCAGGCG-1,,0
ACTACAAAGAGAGGTG-1,,0
ACTACATCCCGACAAG-1,GC,1
ACTACCAGCTCTCTGG-1,,0
ACTACCATCCGAGGGC-1,,0
ACTACGCGTTAGAATT-1,,0
ACTAGTTGCGATCGTC-1,,0
ACTATATGCTGTGTTC-1,,0
ACTATCCAGGGCATGG-1,,0
ACTATCTGCCCGCGTA-1,,0
ACTATGTCCAGCTGCC-1,,0
ACTATTCGTCCGTGGT-1,,0
ACTATTTCCGGGCCCA-1,,0
ACTCAACGAATGTATT-1,,0
ACTCAAGTGCAAGGCT-1,,0
ACTCAATAAAGGCACG-1,,0
ACTCAGACCTGCTTCT-1,,0
ACTCATGGCAGCCTTC-1,,0
ACTCCAATATCATCAT-1,,0
ACTCCCATTCCTAAAG-1,,0
ACTCCCGAATTCGTTT-1,GC,1
ACTCCCTAATGCTAAA-1,,0
ACTCCCTAGAATAGTA-1,,0
ACTCCGGCCGACCACT-1,GC,1
ACTCGTAACCCGTCCT-1,,0
ACTCGTCAGTAATCCC-1,,0
ACTCTCTGACTTAGGT-1,,0
ACTCTCTTATACACGA-1,,0
ACTCTTGTATAGTAAC-1,,0
ACTGAAACGCCGTTAG-1,,0
ACTGAATGGCGAAAGT-1,,0
ACTGATTTAGTGATTC-1,,0
ACTGCCCGCCATTCTC-1,,0
ACTGCCGTCGTAACTC-1,,0
ACTGCGGACACACCGT-1,,0
ACTGCTCGGAAGGATG-1,,0
ACTGGGATGCCAGTGC-1,,0
ACTGTACGATACACAT-1,GC,1
ACTGTAGCACTTTGGA-1,,0
ACTGTATACGCGAGCA-1,,0
ACTGTCCAGGATTATA-1,,0
ACTGTCTTCTTTAGAA-1,,0
ACTGTGCTAGTAGATC-1,,0
ACTGTTTAGTGTAGGC-1,GC,1
ACTTACCGGGCGCGCA-1,,0
ACTTACGCATCCACGC-1,,0
ACTTAGTACGACAAGA-1,,0
ACTTATACTTACCCGG-1,,0
ACTTATCTGATCTATA-1,GC,1
ACTTATTAGGATCGGT-1,,0
ACTTATTTATGTGCCA-1,,0
ACTTCAGGCTGATCCC-1,,0
ACTTCCAGTGGAAGCT-1,,0
ACTTCCATGCGGGACA-1,GC,1
ACTTCGCCATACGCAC-1,,0
ACTTGACTCCCTCTTT-1,GC,1
ACTTGCCATATTGTAC-1,,0
ACTTGGGACCCGGTGG-1,,0
ACTTGGGCTTTCGCCA-1,,0
ACTTGTAGTCCCTTCA-1,,0
ACTTGTGGATGGAACG-1,,0
ACTTGTTACCGGATCA-1,,0
ACTTTACCCTCATGAA-1,GC,1
ACTTTCCTATAGCTTC-1,,0
ACTTTGACTGCATCCT-1,,0
ACTTTGGTCGTGCTCC-1,,0
AGAAATTATGACTCGC-1,,0
AGAACCCTCAATTGGG-1,,0
AGAACGTGGTACATTC-1,,0
AGAACTGTACTTTGTA-1,,0
AGAAGAGCGCCGTTCC-1,,0
AGAAGGTACACTTCAC-1,,0
AGAAGGTTGCCGAATT-1,,0
AGAAGGTTGTAGGTCG-1,,0
AGAAGTGATTCGTGAT-1,,0
AGAATAAATCTTCAGG-1,,0
AGAATGCGGGTTCGGA-1,,0
AGAATTATGGATTCGA-1,,0
AGAATTGTTTGACATA-1,,0
AGACATAGATCCTTCC-1,,0
AGACCAAACCACACCT-1,,0
AGACCATGGGATACAA-1,,0
AGACCCACCGCTGATC-1,,0
AGACCCGCCCTCCTCG-1,,0
AGACCGCTCCGCGGTT-1,,0
AGACCGGGAAACCCTG-1,,0
AGACGAAGTGCCGGTC-1,,0
AGACGACGATGCCGCT-1,,0
AGACGGGATTGGTATA-1,GC,1
AGACGGGCCGATTTAA-1,,0
AGACTAGCCTTCCAGA-1,,0
AGACTGTTACCGGGTC-1,,0
AGAGAAACACCAGAAA-1,,0
AGAGAACCGTCTAGGA-1,GC,1
AGAGAAGGAGTACAAT-1,,0
AGAGATCTCTAAAGCG-1,,0
AGAGCAGTTATGAGAC-1,,0
AGAGCCGCCGAGATTT-1,,0
AGAGCGGGCTAATCAT-1,,0
AGAGCGTACAAGCTCG-1,,0
AGAGGCTTCGGAAACC-1,,0
AGAGGTATCTCGGTCC-1,,0
AGAGTAAACTTCACTA-1,,0
AGAGTTAGAGACCGAT-1,,0
AGATAACTTCAGGGCC-1,,0
AGATACCAATAGAACC-1,,0
AGATACCAGCACTTCA-1,,0
AGATACCGGTGTTCAC-1,,0
AGATACGACTTCATAT-1,,0
AGATACTCAAGATCGA-1,GC,1
AGATATAATACGACTA-1,,0
AGATCGTGCATAAGAT-1,,0
AGATCTCAGGTGTGAT-1,,0
AGATGACTCGCCCACG-1,GC,1
AGATGAGGGTTGCGAT-1,,0
AGATGATGGAGTCTGG-1,GC,1
AGATGCAAGACGTGCA-1,,0
AGATTATAGGACGTTT-1,,0
AGATTCACAACCGATA-1,,0
AGCAAAGGCCGCTAGT-1,,0
AGCAACATATCTTATT-1,,0
AGCAACCGAAAGTAAT-1,,0
AGCACACGTTTAGACT-1,,0
AGCACCAGTACTCACG-1,,0
AGCACTACCGGCCTGT-1,,0
AGCACTACCTCACCAG-1,,0
AGCACTTAAGGACGCC-1,,0
AGCAGAAGGAGAAAGA-1,GC,1
AGCAGCCAGATGAATA-1,,0
AGCAGTCGAAGCATGC-1,,0
AGCATATCAATATGCT-1,,0
AGCATCATTTCGAAAG-1,,0
AGCATCGTCGATAATT-1,,0
AGCATTACGAGGCAAG-1,,0
AGCCAAGCTTTGTGTC-1,,0
AGCCACAGGTTACCCG-1,,0
AGCCACTCCCGTGCTT-1,,0
AGCCATATAGTATGTG-1,,0
AGCCCATACATGTAAG-1,,0
AGCCCGCAACAAGCAG-1,,0
AGCCCGGCATTAGAGG-1,,0
AGCCCGGTAGCCTGTA-1,,0
AGCCCTAAGCGAAGTT-1,,0
AGCCCTCCCTGGTGGC-1,,0
AGCCCTTCTAATCCGA-1,,0
AGCCGTGGCTAAATGT-1,,0
AGCCTAATACCCACGT-1,,0
AGCCTTAAAGCGGAAG-1,,0
AGCGACAGGAACGGTC-1,,0
AGCGACATCCCATTCA-1,,0
AGCGACCAACGATATT-1,,0
AGCGACTTTGAAGACA-1,,0
AGCGAGACGTGAAGGC-1,,0
AGCGATGCGCCTAATA-1,,0
AGCGCATAATGAATCG-1,,0
AGCGCGGGTGCCAATG-1,,0
AGCGCTTATGGGCAAG-1,GC,1
AGCGGACACTTCGTAG-1,,0
AGCGGCGGTTAGCGGT-1,,0
AGCGGGAAGGGTCCAT-1,,0
AGCGGGTCTGACACTC-1,,0
AGCGGTTGAGATGTAC-1,,0
AGCGGTTGCCGCTCTG-1,GC,1
AGCGTACGAGAGCTAG-1,,0
AGCGTAGCGCTAGACC-1,,0
AGCGTCTGAACCCGCA-1,,0
AGCGTGGTATTCTACT-1,,0
AGCGTTCCGATTTAAA-1,,0
AGCTAACAAGCAATGT-1,,0
AGCTAAGCTCCGTCCG-1,,0
AGCTAAGTACGCAGGC-1,,0
AGCTAGAAGCAGAAGT-1,,0
AGCTATTTAATCCAAC-1,,0
AGCTCCTTCGCACATC-1,,0
AGCTCTAGACGTTCCA-1,,0
AGCTCTTCCCAGTGCA-1,,0
AGCTCTTCGTAACCTT-1,,0
AGCTCTTTACTCAGTT-1,GC,1
AGCTGAAGTAAACCAA-1,GC,1
AGCTGCTGTGCCGAAT-1,,0
AGCTGTAACCTCAATC-1,,0
AGCTTATAGAGACCTG-1,,0
AGCTTCAATACTTTGA-1,,0
AGCTTGATCTTAACTT-1,GC,1
AGGAAGCTGTCCGCCG-1,,0
AGGACAGTCGAATCCC-1,GC,1
AGGACATCGCACGTCG-1,,0
AGGACGACCCATTAGA-1,,0
AGGACGCTCGATGTTG-1,,0
AGGAGCGTTTATTATC-1,,0
AGGAGGCCTTCGCGCG-1,,0
AGGATAAAGTCGGGAT-1,,0
AGGATATAGGGATTTA-1,,0
AGGATATCCGACTGCA-1,,0
AGGATCACGCGATCTG-1,,0
AGGCAAAGAGGAATCA-1,GC,1
AGGCAGATGCGTAAAC-1,GC,1
AGGCAGGGAGCGTACT-1,,0
AGGCATTGTCGTAGGG-1,,0
AGGCCACCCGTTATGA-1,,0
AGGCCCATTGTACAGG-1,,0
AGGCCCTAGAACGCCA-1,,0
AGGCCTATCATACCAA-1,,0
AGGCCTGAGAATCTCG-1,GC,1
AGGCGGTTTGTCCCGC-1,,0
AGGCGTCTATGGACGG-1,,0
AGGCTATGGTTAGCTT-1,,0
AGGCTTAAGTTGCACA-1,,0
AGGCTTCCCGAAGAAG-1,,0
AGGCTTGCTAGACACC-1,,0
AGGGAAACGAGGTACT-1,GC,1
AGGGACAGCACGGCGG-1,,0
AGGGACCGGCTGCGTT-1,,0
AGGGACTCTACGCGAC-1,,0
AGGGAGACATACTTCG-1,,0
AGGGCAGCGGCGTGGT-1,,0
AGGGCGAGCAGCTGAT-1,,0
AGGGCGTGATCGGCTA-1,,0
AGGGCTGCAGTTACAG-1,,0
AGGGTCAGAGCACTCG-1,,0
AGGGTCAGTAACCCTA-1,,0
AGGGTCGATGCGAACT-1,,0
AGGGTGCCGTTCTTTA-1,,0
AGGGTGCTCTCGAGGG-1,,0
AGGGTTCAGACGGTCC-1,,0
AGGGTTCCCTTTGGTT-1,,0
AGGGTTTAGTTCGGGA-1,,0
AGGTAACCTCCTATTC-1,,0
AGGTACGATATTGCCA-1,,0
AGGTAGATCGAGATAT-1,,0
AGGTAGGTACAAAGCT-1,,0
AGGTATAATTGATAGT-1,GC,1
AGGTCAGGTGAGAGTG-1,,0
AGGTCGCCACTTCGGT-1,,0
AGGTCGCGGAGTTACT-1,,0
AGGTGGTGACCTTCGC-1,,0
AGGTGTATCGCCATGA-1,,0
AGGTTACACCATGCCG-1,,0
AGGTTCTCCTTTCCGG-1,,0
AGGTTGAGGCACGCTT-1,,0
AGGTTTCACACACCTT-1,GC,1
AGTAACGTTCATCCTG-1,,0
AGTAATCTAAGGGTGG-1,GC,1
AGTAATGTCTTGCCGC-1,,0
AGTAATTTGCAAGCGT-1,,0
AGTACAGAAGCTTATA-1,,0
AGTACATCATTTATCA-1,GC,1
AGTACCTTCGAGTGCT-1,,0
AGTACGGCCCGTATCG-1,,0
AGTACGGGCACCTGGC-1,,0
AGTACGTGGCCTGTCT-1,,0
AGTACTCTTATGCCCA-1,,0
AGTAGAAGGCGCCTCA-1,,0
AGTAGCGTGAACGAAC-1,,0
AGTAGGAAGGAAGTTG-1,,0
AGTAGGTAACATACAT-1,,0
AGTATAATACTAGGCA-1,,0
AGTATACACAGCGACA-1,,0
AGTATCCATAATAACG-1,,0
AGTATGCTGGAGACCA-1,,0
AGTATTTGGCACGACC-1,,0
AGTCAAATGATGTGAT-1,,0
AGTCAACACCACCATC-1,,0
AGTCAAGATGACACTT-1,,0
AGTCACTAGCTCTCGA-1,,0
AGTCACTCCGCCTCAT-1,,0
AGTCAGCCACCGCCTG-1,,0
AGTCCAGCGGGTACGT-1,,0
AGTCCATTGGCTGATG-1,,0
AGTCCCGCCTTTAATT-1,,0
AGTCGACGGTCTCAAG-1,,0
AGTCGGCCCAAACGAC-1,,0
AGTCGGCTCAACTTTA-1,,0
AGTCGGTTGCGTGAGA-1,,0
AGTCGTATAAAGCAGA-1,,0
AGTCGTCGACCACCAA-1,,0
AGTCGTGGGCATTACG-1,,0
AGTCTAAAGTATACTC-1,GC,1
AGTCTCACAAGACTAC-1,,0
AGTCTGGACATCCTTG-1,,0
AGTCTTCTCCTCAAAT-1,,0
AGTCTTTAAAGTGTCC-1,,0
AGTGAACAAACTTCTC-1,,0
AGTGACCTACTTTACG-1,,0
AGTGACTGTGACACAA-1,,0
AGTGAGACTTCCAGTA-1,,0
AGTGAGCCTCGCCGCC-1,,0
AGTGAGGGTTTCTGAC-1,,0
AGTGATAACCTGCGCG-1,,0
AGTGATATGAGTAGTT-1,,0
AGTGATTCAAGCAGGA-1,,0
AGTGCACGCTTAAGAA-1,,0
AGTGCGTAGCTCGTAA-1,,0
AGTGCTAAACACAGCA-1,,0
AGTGCTTGCACGAATA-1,GC,1
AGTGGCCCGCAAATGG-1,,0
AGTGGCGGCAATTTGA-1,,0
AGTGGCGTCTGAAGGT-1,GC,1
AGTGGCTCCGTCGGCC-1,,0
AGTGGTGTTACCCGTG-1,,0
AGTGTATTGCGCATTG-1,,0
AGTGTGGTCTATTGTG-1,,0
AGTTAAACACTTGCGA-1,GC,1
AGTTAAGCGGTCCCGG-1,,0
AGTTAAGTCAACCGCT-1,,0
AGTTACCGCACATGGT-1,,0
AGTTACTCTATCGTGG-1,,0
AGTTATTGAAAGGTAA-1,,0
AGTTCCTACAGAATTA-1,,0
AGTTCCTATTTATGTT-1,GC,1
AGTTCTGCGTTGTATC-1,,0
AGTTGACATCGGCTGG-1,,0
AGTTGACGGTCCTTGC-1,,0
AGTTGCGGTCCTCAAC-1,,0
AGTTGCTGACTGATAT-1,GC,1
AGTTTCGCAGGTCGGA-1,,0
AGTTTGCACCTGCCTC-1,,0
AGTTTGGCACGGGTTG-1,,0
AGTTTGGCCAGACCTA-1,,0
ATAAACCATTGGACGG-1,,0
ATAAACGGACCCGTAA-1,,0
ATAAAGGCTCGGTCGT-1,,0
ATAAAGGTCAAGTACG-1,,0
ATAAATATTAGCAGCT-1,,0
ATAACGCCGGAGGGTC-1,,0
ATAACGGAGTCCAACG-1,,0
ATAACGTTACCTCCAC-1,,0
ATAAGGTGGAGAACAT-1,,0
ATAAGTACCCGATTGT-1,,0
ATAAGTAGGATTCAGA-1,,0
ATAAGTAGGGCGACTC-1,,0
ATAAGTTACCGCGACG-1,,0
ATAATACCGTTAGCCG-1,GC,1
ATAATAGCTGTTGAAT-1,,0
ATAATAGTGTAGGGAC-1,,0
ATAATCTTGGAGAACC-1,,0
ATAATTAGCTAAGTAG-1,,0
ATACAGGCCCTCCAAT-1,,0
ATACCACGGGCAACTT-1,,0
ATACCAGCAAATTGCT-1,GC,1
ATACCAGGCTAATAGA-1,,0
ATACCAGGTGAGCGAT-1,,0
ATACCGTCATCCATAA-1,,0
ATACCTAACCAAGAAA-1,,0
ATACGAGGTTTGTAAG-1,,0
ATACGCCGATCTACCG-1,GC,1
ATACGCCGGCGAAACC-1,,0
ATACGGAACGTCGTTT-1,,0
ATACGGGTTTCGATTG-1,,0
ATACGGTGAAGATGCA-1,GC,1
ATACGTACTTAGCCAC-1,,0
ATACGTCCACTCCTGT-1,,0
ATACGTTATGCACGGA-1,,0
ATACTAGCATGACCCT-1,,0
ATACTCTCGCCACTCT-1,,0
ATACTGCCTTACACCG-1,,0
ATACTTGTTCTCGAGC-1,,0
ATAGACAACGGGACCT-1,,0
ATAGACGAAGAGAAAG-1,,0
ATAGAGTACTGGGACA-1,,0
ATAGAGTTATCAACTT-1,,0
ATAGATTTGCAGTCGG-1,GC,1
ATAGCAACTAGGGAAG-1,,0
ATAGGCGGCTATAGAA-1,,0
ATAGGCTAGCTTCGCA-1,GC,1
ATAGGGATATCCTTGA-1,GC,1
ATAGGTTGGGCAGATG-1,,0
ATAGTCTTTGACGTGC-1,,0
ATAGTGAAGCGTTCTC-1,,0
ATAGTTCCACCCACTC-1,,0
ATATAAAGCGCTCGTG-1,,0
ATATAAATGTAGCTGC-1,,0
ATATAACACGGGCGCA-1,,0
ATATACGCTCGTGACG-1,,0
ATATAGAGTATTGGTC-1,GC,1
ATATCAACCTACAGAG-1,,0
ATATCAATTCCAGCCT-1,,0
ATATCGGTAGGGAGAT-1,,0
ATATCGTGCCAGACCC-1,,0
ATATCGTTCCTCGAAC-1,,0
ATATCTCCCTCGTTAA-1,GC,1
ATATCTTAGGGCCTTC-1,,0
ATATGGGATAGCAACT-1,,0
ATATGTCTAGAGCGTG-1,,0
ATATGTCTCCCTAGCC-1,,0
ATATTCAGTTAAACCT-1,,0
ATATTCCACATAGTGA-1,,0
ATATTCCCACAGGTCA-1,GC,1
ATATTGCTGTCAAAGT-1,,0
ATATTTAACCCTCAAG-1,,0
ATCAAACACTGTTCCA-1,,0
ATCAAACGAAGGTTTG-1,,0
ATCAAAGAGCCGTGGT-1,,0
ATCAAGATCCCAGGAC-1,,0
ATCAATCTGGGCTGCA-1,,0
ATCAATGCCGTGGCTG-1,,0
ATCACATTAGAATATC-1,,0
ATCACGTGCTAATTAA-1,,0
ATCACTTCATCCTCGC-1,GC,1
ATCAGACGGCACGCCG-1,,0
ATCAGCCTCATGCTGC-1,,0
ATCAGCTCGTCCACTA-1,,0
ATCAGGTCGCCATTGC-1,GC,1
ATCAGTAGGCAGGGAT-1,,0
ATCATAGATCGACGAG-1,,0
ATCATAGCCCTATGTA-1,,0
ATCATCCAATATTTGT-1,,0
ATCATCTGCCCAGTGT-1,,0
ATCCAACGCAGTCATA-1,,0
ATCCAATGGAGGGTCC-1,,0
ATCCACATCGACAGAA-1,,0
ATCCACGCTAAATGTT-1,,0
ATCCACTTTCAGACTA-1,,0
ATCCAGAGCAACAACC-1,,0
ATCCAGGATTCGTGAA-1,GC,1
ATCCCATCCACAGCGC-1,GC,1
ATCCCATTTCCGTGGG-1,,0
ATCCTACCTAAGCTCT-1,GC,1
ATCCTGAATCGCTGCG-1,,0
ATCCTGCGTGGAATGG-1,GC,1
ATCCTGCTGCAGATAG-1,,0
ATCGACCCAATACAGA-1,GC,1
ATCGACTCTTTCCGTT-1,,0
ATCGCACGCCGGGAGA-1,,0
ATCGCCAGTCAACATT-1,,0
ATCGCTGCGTGCAGCA-1,,0
ATCGGAGACAGACGGC-1,,0
ATCGGCAAGCAGTCCA-1,,0
ATCGTGGAAAGTCTGG-1,,0
ATCGTTAGCTAGCGGA-1,,0
ATCGTTCACTTTCGCC-1,,0
ATCTAATATCCTACGG-1,,0
ATCTACCATCTGCTCC-1,GC,1
ATCTAGCTTGTGAGGG-1,,0
ATCTCCCACGGAATAT-1,,0
ATCTCCCTGCAATCTA-1,,0
ATCTCGTGAGCGAAAC-1,,0
ATCTGACATGGAAGGA-1,,0
ATCTGCACCTCTGCGA-1,,0
ATCTGCTGTTATCGCC-1,,0
ATCTGGGCTGTTCTTG-1,,0
ATCTGGTTAAGACTGT-1,,0
ATCTGTAATTGTACCC-1,,0
ATCTTAGGGCATTAAT-1,,0
ATCTTATCGCACACCC-1,,0
ATCTTGACCTGCAACG-1,,0
ATCTTGACTTGTCCAA-1,,0
ATGAAGCCAAGGAGCC-1,,0
ATGACGCCGGCTCTAA-1,,0
ATGACGCGTTCTATCC-1,,0
ATGACTATCAGCTGTG-1,,0
ATGACTATGCGACATT-1,,0
ATGAGGAGTGTTAATC-1,,0
ATGATCGGGAATAGAC-1,,0
ATGATGCAATGGTACA-1,,0
ATGCACGCGCTGTTCA-1,,0
ATGCACTACCGCATTG-1,,0
ATGCATGATCCAGGAT-1,,0
ATGCATTCCGTGATGG-1,,0
ATGCCAATCGCTCTGC-1,,0
ATGCCATTTGCGACCA-1,,0
ATGCCGGTCTTGCATA-1,,0
ATGCCGGTTGATGGGA-1,,0
ATGCGACAATTGGTCC-1,,0
ATGCGACAGTCCCATT-1,,0
ATGCGAGTCCCACCAC-1,,0
ATGCTCAGTGTTGCAT-1,,0
ATGCTCTGGCGCGGTA-1,,0
ATGGAAATTTAAGGAG-1,,0
ATGGACTGCTTAGTTG-1,,0
ATGGAGCAGGCCGTGA-1,,0
ATGGATCCGGCGTCCG-1,,0
ATGGATTGACCAAACG-1,,0
ATGGCAGCATTACGAT-1,GC,1
ATGGCAGCCGAGAAAC-1,,0
ATGGCTGGAAATGGCC-1,GC,1
ATGGGAACGGAAGCGG-1,,0
ATGGGACCTGCTGAAC-1,,0
ATGGGCCTCGGCCTCT-1,,0
ATGGGTGTATACCTCC-1,,0
ATGGTATTGGGAACCG-1,,0
ATGGTATTTACTGATT-1,,0
ATGGTCGCGTGGTTTC-1,GC,1
ATGGTGCTCAAAGCCA-1,,0
ATGGTTACGAAACATG-1,,0
ATGTAAGGCTGCTCTT-1,,0
ATGTACATGCGGTGAG-1,,0
ATGTACGATGACGTCG-1,,0
ATGTAGCGCGCGTAGG-1,,0
ATGTCATAATAAACGA-1,,0
ATGTCTTGTTTGACTC-1,,0
ATGTGAAAGCCTAATG-1,,0
ATGTGCATCCGACGCA-1,,0
ATGTGGACATCTTGAT-1,,0
ATGTGTAGTTTAGTCA-1,GC,1
ATGTTACGAGCAATAC-1,,0
ATGTTCGTCGACCCAC-1,,0
ATGTTGATTAGAGACT-1,,0
ATGTTGTAGTCTGTTT-1,,0
ATGTTTGTAAGATCAT-1,,0
ATTAAACATGCGGACC-1,,0
ATTAATACTACGCGGG-1,,0
ATTAATGAACCAGTCG-1,,0
ATTAATTCGGTCACTC-1,GC,1
ATTACAACTACCGGCC-1,,0
ATTACATGTCAGTCTT-1,,0
ATTACGCGCTGGCAGG-1,,0
ATTACTAGCCTCTTGC-1,,0
ATTACTTACTGGGCAT-1,,0
ATTAGATTCCTCAGCA-1,,0
ATTAGATTGATAGCGG-1,,0
ATTAGGCGATGCTTTC-1,,0
ATTATACTTTGCTCGT-1,,0
ATTATAGCTACTTTAC-1,,0
ATTATCGGAATGTACG-1,,0
ATTATCTCGACAGATC-1,,0
ATTATGAGACCCAATT-1,GC,1
ATTATGCCATAGGGAG-1,,0
ATTATTATGTCCGTCA-1,,0
ATTATTCAGAGTCACT-1,,0
ATTCAACCATTTAAGG-1,,0
ATTCACTGATGTTGGA-1,,0
ATTCAGATGAATCCCT-1,,0
ATTCAGGACCTATTTC-1,,0
ATTCAGGATCGCCTCT-1,,0
ATTCAGTAGCAGGGTC-1,,0
ATTCATATACTGTCCA-1,,0
ATTCATCGTTGAGGCA-1,GC,1
ATTCCCACATAAACAA-1,,0
ATTCCTAAGACGTGGA-1,,0
ATTCCTCCGCCAGTGC-1,,0
ATTCCTTCCAGGCGGT-1,GC,1
ATTCGACGCCGGGCCT-1,,0
ATTCGCGCCTTGAGAG-1,,0
ATTCGTGCTATCTCTT-1,,0
ATTCGTGTACCCATTC-1,,0
ATTCTCGTCTCTTTAG-1,,0
ATTCTGAGTATGAACT-1,,0
ATTCTTCGTACTTATG-1,,0
ATTGAAGATCTTAGTG-1,,0
ATTGACCGGCGATGAC-1,GC,1
ATTGACGTAACTCGGT-1,,0
ATTGATAGCAACGAGA-1,GC,1
ATTGATCACCACATTT-1,,0
ATTGATGAGTCCTAAC-1,,0
ATTGCCTATTAGACCG-1,,0
ATTGCCTTTATGTTTG-1,,0
ATTGCGATCAGTAACT-1,,0
ATTGCTGCTCCTCCAT-1,GC,1
ATTGGATTACAGCGTA-1,,0
ATTGGGAATATCTTGG-1,,0
ATTGGGAGTTCTGTAA-1,,0
ATTGTACAACTCGGCT-1,,0
ATTGTCGCAATACCTT-1,,0
ATTGTCTGTTTCATGT-1,,0
ATTGTGACTTCGCTGC-1,,0
ATTTAACTCGTATTAC-1,,0
ATTTACAGTTTACTGG-1,,0
ATTTACTAAGTCCATT-1,,0
ATTTATACTGGTAAAG-1,,0
ATTTCATTATTTCGCG-1,,0
ATTTCCGGGTTCTGCG-1,,0
ATTTGCCTAGTTACGA-1,GC,1
ATTTGCGCGAGTAGCT-1,,0
ATTTGTCTTGGGAGCT-1,GC,1
ATTTGTTCCAGGGCTC-1,GC,1
CAAACCATAAGCGTAT-1,,0
CAAACCCTCCGGCGGG-1,,0
CAAACGAGTATCGCAG-1,,0
CAAACGGTCGCACTTT-1,,0
CAAACGTGGTCTTGCG-1,,0
CAAACTACGATAGAGA-1,,0
CAAACTATTGAGCTTC-1,,0
CAAACTCGCGACGCCG-1,,0
CAAAGATTATTGGGCC-1,,0
CAAATCTCTCACAAGG-1,,0
CAAATGCGGAGTGTTC-1,,0
CAAATGTCCTTCCGTG-1,,0
CAAATTGGATTATGCC-1,,0
CAAATTGTCAGCAAGC-1,GC,1
CAACAGAATAACGCTA-1,,0
CAACAGTGCCAAACGG-1,,0
CAACCAGTGGCCTACC-1,,0
CAACCTACCGAGCAGT-1,,0
CAACGACCCGTTTACA-1,,0
CAACGCGATGAGCCAA-1,,0
CAACGGTTCTTGATAC-1,,0
CAACTATATCGAATGC-1,,0
CAACTCCAACGTTTAG-1,,0
CAACTCCTTGATCCCG-1,,0
CAACTGCTCATCCGAT-1,,0
CAACTTGTAGTGGGCA-1,,0
CAAGAGGGCGGAGTAC-1,,0
CAAGATATTATAACGT-1,,0
CAAGCAACGTCGGAGT-1,,0
CAAGCACCAAATGCCT-1,,0
CAAGCGGCACATAATT-1,,0
CAAGGATCGCATGTTC-1,,0
CAAGGCCAGTGGTGCA-1,,0
CAAGGTCCTATAGGCT-1,GC,1
CAAGTAAGTGATAGAC-1,,0
CAAGTCGTTGAAATCT-1,,0
CAAGTGAACTTTGGTT-1,,0
CAAGTGTGGTTGCAAA-1,,0
CAATAAACCTTGGCCC-1,,0
CAATACGCTCTGAGGC-1,,0
CAATATTCTTGACCTA-1,,0
CAATATTGGACTAGTG-1,GC,1
CAATCCCTATACCAGC-1,,0
CAATCCTGCCGTGGAG-1,,0
CAATGACCCTTAATTT-1,,0
CAATGCGAGAAGTATC-1,,0
CAATGGAATCTACATA-1,,0
CAATGGATCTCTACCA-1,,0
CAATGGTCGGCCTGGG-1,,0
CAATGTGCCAACCCTT-1,,0
CAATTAAGGGTGATGA-1,,0
CAATTGGGCCGCACTC-1,,0
CAATTTCGTATAAGGG-1,,0
CACAAACCGCAGAACT-1,,0
CACAAGAAAGATATTA-1,,0
CACAAGCTAAGAAAGG-1,,0
CACAATGAGCTGCTAT-1,,0
CACACACGCTAACGAG-1,,0
CACACAGCTTGCGCTC-1,,0
CACACAGGGATAGATT-1,,0
CACACGCGCTGTCTTA-1,,0
CACACGTTTCAATGGG-1,,0
CACACTTGTATTGCGA-1,,0
CACAGAGACGAGGACG-1,GC,1
CACAGCACCCACGGCA-1,,0
CACAGCTAGGGAGTGA-1,,0
CACAGGGCCATATAGT-1,,0
CACAGGGCCGTTGTCA-1,,0
CACAGTCCCGCTTCGC-1,,0
CACATAAGGCGACCGT-1,GC,1
CACATATTAGCAGGAT-1,,0
CACATCGTGCACGCGC-1,,0
CACATCTCACCGACGA-1,,0
CACATGATTCAGCAAC-1,,0
CACATGTTTGGACATG-1,GC,1
CACATTCTTTCGATGG-1,,0
CACATTTCTTGTCAGA-1,,0
CACCAGTCAGCATGCA-1,,0
CACCATCGGAGGAGAC-1,,0
CACCATGATCGCAAAG-1,,0
CACCCAAATCTTATGT-1,,0
CACCCACACGTCACCC-1,,0
CACCCACGAGGCAATT-1,GC,1
CACCCGGTTTGTGACT-1,,0
CACCCTAACAAGATCT-1,,0
CACCCTTGGTGAGACC-1,,0
CACCCTTTCCTCGCTC-1,,0
CACCGATACACCGAGC-1,,0
CACCGCCAGAAGGTTT-1,GC,1
CACCGCCGACCAGCGA-1,,0
CACCGCGTCCACTCTA-1,,0
CACCGGAGATATCTCC-1,GC,1
CACCGGGCATCACAAG-1,,0
CACCGGTAGAGACATT-1,,0
CACCGTATCCCATCCG-1,,0
CACCGTTAGGGATCAC-1,,0
CACCGTTGCGCGATAT-1,,0
CACCTAATAGAGTCGT-1,,0
CACCTAATCAGTTTAC-1,GC,1
CACCTCGATGGTGGAC-1,,0
CACCTTGCGAAACTCG-1,,0
CACCTTGGCGCCTTTG-1,,0
CACGAAAGTTAGTCCC-1,,0
CACGACGTAATAGTAA-1,,0
CACGACTAAAGTTCTG-1,,0
CACGAGCAAACCAGAC-1,,0
CACGATTGGTCGTTAA-1,,0
CACGCACAGCGCAGCT-1,,0
CACGCAGCGAGGCTTT-1,,0
CACGCGGAACTGTTGC-1,,0
CACGGCGCGCCAAAGG-1,,0
CACGGGATTGAGGGTT-1,GC,1
CACGTCAATCAATGGA-1,,0
CACGTCGGCAACCTCT-1,,0
CACGTCTATGATGTGG-1,GC,1
CACGTTCGTGCTCTAG-1,,0
CACGTTTCGTACACAC-1,,0
CACTAAAGTTGCCTAT-1,,0
CACTACGGGAGCTGCC-1,,0
CACTACTCAGTTCTGT-1,,0
CACTCAAGAGCTATGG-1,,0
CACTCAGCTCTTGAGG-1,,0
CACTCCTATGTAAGAT-1,,0
CACTCCTCTCGGTCGG-1,,0
CACTCGAGCTGAACAA-1,,0
CACTCGGTTAGGAGGA-1,,0
CACTCTCAAGCATCGA-1,,0
CACTCTTCTGCTAGCC-1,,0
CACTGACGATTGTGGA-1,,0
CACTGTCCAAGTGAGA-1,,0
CACTTAATCAGACGGA-1,,0
CACTTCGCCACAGGCT-1,,0
CAGAACTTAGCCCTCT-1,,0
CAGACACCGATCGCTG-1,,0
CAGACCTGTAAGTGTT-1,,0
CAGACGAACCTGATAC-1,,0
CAGAGACGGTCACCCA-1,,0
CAGAGCATGAGCTTGC-1,,0
CAGAGGCGATGCATGA-1,,0
CAGAGTGATTTAACGT-1,,0
CAGATAATGGGCGGGT-1,,0
CAGATACTAACATAGT-1,,0
CAGATATGAAGATGAC-1,,0
CAGATCATTTAAAGTC-1,,0
CAGATCCTGGTTTGAA-1,,0
CAGCAGCCCGTTCCTT-1,,0
CAGCAGTCCAGACTAT-1,,0
CAGCAGTCTGTGCTGC-1,,0
CAGCCCTCACAGGCAG-1,GC,1
CAGCCGGGCCCTCTAT-1,,0
CAGCCTCCTGCAGAGG-1,,0
CAGCCTCTCCTCAAGA-1,,0
CAGCGATTCCCTTCAA-1,,0
CAGCTCGACAAGTTAA-1,,0
CAGCTCGTGCTTGTGT-1,,0
CAGCTCTGGGCTCACT-1,,0
CAGCTGGCGTAACCGT-1,,0
CAGCTTAGTAGGTAGC-1,,0
CAGGAAGACTTTATAT-1,,0
CAGGATATATCGTTGT-1,,0
CAGGATCCGCCCGACC-1,,0
CAGGCAGTCTTACCAG-1,,0
CAGGCCAGTACCACCT-1,,0
CAGGCCGTTTGGGTGT-1,GC,1
CAGGCGCACGGTGGTC-1,,0
CAGGCGCCATGCTAGG-1,,0
CAGGGAGATAGGCCAG-1,,0
CAGTAACTATTTATTG-1,,0
CAGTAAGGGACGTCTC-1,,0
CAGTAATCCCTCCCAG-1,,0
CAGTACATTCTCTAAA-1,,0
CAGTACCAGTTTACGT-1,,0
CAGTAGCCCACGCGGT-1,,0
CAGTAGCGAGGTAGTA-1,,0
CAGTCGAGGATGCAAT-1,,0
CAGTCTCTCGGCTAAT-1,,0
CAGTCTGTATACTGGG-1,GC,1
CAGTGAATAAATGACT-1,,0
CAGTGGTTGCACATGA-1,,0
CAGTGTCCGCAGAATG-1,,0
CAGTGTCGGCTGGCCC-1,,0
CAGTGTTAATCTCTCA-1,,0
CAGTTCAAATTGACAC-1,,0
CAGTTCCGCGGGTCGA-1,,0
CAGTTCGAGGACCCGA-1,,0
CATAACGGACAGTCGT-1,,0
CATAAGAAGCTTGGCT-1,,0
CATAAGCTCTCCGTCT-1,,0
CATAATGAGCGGGCGA-1,,0
CATACAAAGCCGAACC-1,,0
CATACACGGTTCCCAC-1,,0
CATACCCGTACCCAGT-1,,0
CATACGAACTAGCTGG-1,,0
CATACGGCGTCTGGGC-1,,0
CATACTATGTAATTGT-1,,0
CATACTTAGGCAATAC-1,,0
CATACTTCTTTCTCCG-1,,0
CATAGAGGAGATACTA-1,,0
CATAGCCGCCCGGGAT-1,,0
CATAGCGTTGCCCACC-1,,0
CATAGGGACACTTGTG-1,,0
CATAGTACATTGAGAG-1,,0
CATAGTAGCATAGTAG-1,,0
CATAGTCAAATACATA-1,,0
CATAGTCCACAAGAAC-1,,0
CATATACTACTGATAA-1,,0
CATATAGGTACAGTCA-1,,0
CATATGTCAGGCTACG-1,,0
CATATTATTTGCCCTA-1,,0
CATCAAACTGGCGCCC-1,,0
CATCATCTACCCGGAC-1,,0
CATCATTACCCTGAGG-1,,0
CATCCAATATAGTTTG-1,,0
CATCCCGAGATTCATA-1,,0
CATCCTCTCAAAGATC-1,,0
CATCGCCCGCGGCCAA-1,,0
CATCGGACGGGTTAAT-1,,0
CATCTACCCGAGAACG-1,,0
CATCTATCCCGTGTCT-1,,0
CATCTTACACCACCTC-1,,0
CATGAACCGACATTTG-1,,0
CATGAACCTCTTATCA-1,,0
CATGACTTCGCTGAAT-1,,0
CATGAGATGCACTCTC-1,,0
CATGAGTCCATCACGG-1,,0
CATGATACGGTGAAAC-1,,0
CATGATCGCTTTGAGA-1,,0
CATGATGCACAATTCT-1,GC,1
CATGATGGAAGTTAGC-1,,0
CATGCACATGAGAGGC-1,,0
CATGCACGTGTTACTG-1,,0
CATGCATGGAGACCCT-1,,0
CATGCCAACTCGCAAA-1,,0
CATGCGACCAGTTTAA-1,,0
CATGCGTTAGACAGAA-1,,0
CATGCGTTGAGAGGAG-1,,0
CATGCTGGCTCCAATT-1,,0
CATGGAAATGGGACCA-1,,0
CATGGATTGTCTTCCG-1,,0
CATGGCAGGAAGATCG-1,,0
CATGGGTATGCCTTAT-1,,0
CATGGGTCGGGTGTGG-1,GC,1
CATGGTAAGTAGCGTT-1,,0
CATGGTATTAGTTTGT-1,,0
CATGGTCTAGATACCG-1,,0
CATGGTTTATTAATCA-1,,0
CATGTAAGAGACATTT-1,,0
CATGTAGGAGCGCCAA-1,,0
CATGTCTCATTTATGG-1,,0
CATGTGGGCTCATCAC-1,,0
CATTACATAGATTGTG-1,,0
CATTACGTCGGCCCGT-1,,0
CATTATAACAGGGTCC-1,GC,1
CATTATCCCATTAACG-1,,0
CATTATGCTTGTTGTG-1,,0
CATTCACTGACAGCTA-1,,0
CATTCAGGTCAGTGCG-1,,0
CATTCCCATTCCGTCG-1,,0
CATTCCCTAAGTACAA-1,,0
CATTGCAAAGCATAAT-1,,0
CATTGCGAAATGGGCG-1,,0
CATTGCGGGTCAATTC-1,,0
CATTTAGCGGACCATG-1,,0
CATTTATCGTTCAAGA-1,,0
CATTTCTAGCAGACTA-1,,0
CATTTGAGTGGTACGT-1,,0
CCAAACAGAACCCTCG-1,,0
CCAAAGTCCCGCTAAC-1,,0
CCAAATAACAAGATTC-1,,0
CCAAATCAAAGGGCAA-1,,0
CCAACCTTATGTAACT-1,,0
CCAACGATGCACTGAT-1,,0
CCAACGCTTGCCAGGG-1,,0
CCAAGAAAGTGGGCGA-1,,0
CCAAGACTTCTGCGAA-1,,0
CCAAGCGTAACTCGTA-1,,0
CCAAGGAACAGAGAGG-1,,0
CCAATAGTGCCGTCGA-1,GC,1
CCAATCGGTAGATCGA-1,,0
CCAATGTCACAGCAAG-1,,0
CCAATTACGGGTCGAG-1,,0
CCAATTGAATGTTAAT-1,,0
CCACAATGTACGTCTT-1,,0
CCACACTGAGATATTA-1,,0
CCACAGCTGAAATCAT-1,,0
CCACAGTACCCATCCT-1,,0
CCACATGGCTCTTTAT-1,,0
CCACCAACTTTACTGT-1,,0
CCACCCAAGGAAAGTG-1,,0
CCACGAATTTAACCTC-1,,0
CCACGAGAAGAGAATC-1,,0
CCACGGAGCCATAAGA-1,,0
CCACGGCAGGTGTAGG-1,GC,1
CCACGGTGCCCGGTAG-1,GC,1
CCACTATCCGGGTCAC-1,,0
CCACTCAGATCCGCAA-1,,0
CCACTGGTGGCTGGTT-1,,0
CCAGAAAGCAACTCAT-1,,0
CCAGAGACAAAGCCGG-1,,0
CCAGATAGTTGAGTGA-1,,0
CCAGCCTGGACCAATA-1,,0
CCAGCTACGCCTCATA-1,,0
CCAGCTCGAACGCATT-1,,0
CCAGCTGATGGTACTT-1,GC,1
CCAGCTTCCGCCCGCA-1,,0
CCAGGGACGTGGCCTC-1,,0
CCAGTAGTCTGATCCA-1,,0
CCAGTCCATTATTCGA-1,GC,1
CCAGTCTAGACGGCGC-1,,0
CCAGTCTTGTCATAGA-1,,0
CCAGTGTACAGACCGA-1,,0
CCAGTTCGGTAACTCA-1,GC,1
CCATAAACAACCCGAC-1,,0
CCATACCTTTACTTGT-1,GC,1
CCATAGAGGCTGCCAG-1,,0
CCATAGGTTGGCGTGG-1,,0
CCATAGTCAGTAACCC-1,GC,1
CCATATGGAAACTATA-1,,0
CCATCCATACCAAGTC-1,,0
CCATCGCAGTTAAACT-1,,0
CCATCTCACCAGTGAA-1,,0
CCATCTTGTTCACAAT-1,,0
CCATGCCCTAGATTTC-1,,0
CCATGCCTGTTTAGTA-1,,0
CCATGCTCTGCAGGAA-1,,0
CCATGGCAAACGCTCA-1,,0
CCATGGCCCTTGTACC-1,,0
CCATGTTCATCTATAT-1,,0
CCATTAGCGATAATCC-1,,0
CCATTCCCTGCCCACA-1,,0
CCATTTCTACCTATTA-1,,0
CCCAAACATGCTGCTC-1,,0
CCCAACATACGTCGCG-1,,0
CCCAACCACACTAACA-1,,0
CCCAAGAATGCACGGT-1,,0
CCCAAGACAGAGTATG-1,,0
CCCAATGAGATTTGCA-1,,0
CCCAATTTCACAACTT-1,,0
CCCAGAGGAGGGCGTA-1,,0
CCCAGATTCCCGTGAC-1,,0
CCCAGGAAGAATTCGA-1,,0
CCCAGGTCTGAAGGCT-1,,0
CCCAGTAAACTTGGGA-1,,0
CCCAGTTAAGGCGCCG-1,,0
CCCATATAGGTCGATT-1,,0
CCCGAAGTTTCGCGAA-1,,0
CCCGACCATAGTCCGC-1,,0
CCCGAGTTTCTCCGTA-1,,0
CCCGCAAATAATCATC-1,,0
CCCGCAGCGCGAACTA-1,,0
CCCGCAGGGCCCAAAG-1,,0
CCCGCCATGCTCCCGT-1,,0
CCCGCGCAATGCACCC-1,,0
CCCGCTAGAGGGTTAA-1,GC,1
CCCGCTTGCCCTCGTC-1,,0
CCCGGGTCGTTCAGGG-1,,0
CCCGGTGGAAGAACCT-1,,0
CCCGGTGTATCGGAAT-1,,0
CCCGTAAGTCTAGGCC-1,,0
CCCGTAGCTGGGAAGA-1,,0
CCCGTCAGCGTCTGAC-1,,0
CCCGTGACAGTGCCTT-1,,0
CCCGTTTCGCAGATGT-1,,0
CCCTACCCACACCCAG-1,GC,1
CCCTACTTGAACAATG-1,,0
CCCTAGCTCTAAGGTC-1,,0
CCCTAGTGTCAGGTGT-1,GC,1
CCCTATGTAGAGCAGA-1,,0
CCCTCAGATCGAGAAC-1,,0
CCCTCATCACAGAGTA-1,,0
CCCTCATTCTGGAATT-1,,0
CCCTCCTCGCTCGTAT-1,,0
CCCTCGATAATACACA-1,,0
CCCTCGGGAGCCTTGT-1,GC,1
CCCTGAAATGAGTTGA-1,,0
CCCTGACTAACAAATT-1,,0
CCCTGCCCAATCCGCT-1,GC,1
CCCTGCGCTACGCATA-1,,0
CCCTGGGAGGGATCCT-1,,0
CCCTGGTATGGGCGGC-1,,0
CCCTTCTCGTACGCGA-1,GC,1
CCCTTTAATGGAGTTC-1,,0
CCCTTTGACAGGTCTT-1,,0
CCGAAAGTGGTGAGCA-1,,0
CCGAACACTGGGCCTC-1,,0
CCGAACCTTCCCGGCC-1,,0
CCGAAGCATTGACCAA-1,,0
CCGAAGTATATTGTTC-1,,0
CCGACAAAGGGAGTGC-1,,0
CCGACGGGCATGAGGT-1,,0
CCGACGTAAACACAAC-1,,0
CCGACTCGCATAGTCT-1,,0
CCGAGAAGTCGCATAA-1,,0
CCGAGCTGTGCTTGTC-1,GC,1
CCGAGGGATGTTAGGC-1,GC,1
CCGATCTCAACCTTAT-1,,0
CCGATTCGAGGGACCC-1,,0
CCGATTGGTCAATGAA-1,,0
CCGCACAAAGACCAAC-1,,0
CCGCACGTGACCTCGG-1,,0
CCGCATGTGGTACGAT-1,,0
CCGCCACCACAATCCA-1,GC,1
CCGCCGGAACTTCTCG-1,,0
CCGCCGGTCAACACAC-1,GC,1
CCGCCTGCGAATTGGT-1,,0
CCGCGATTTGGTAGGT-1,,0
CCGCGCAAGATACCCA-1,,0
CCGCGGAATGCGTCAC-1,,0
CCGCGGGTACGAAGAA-1,,0
CCGCGTAGGTAAGGGC-1,,0
CCGCTATCAGCACCAG-1,,0
CCGCTCCAGGGCGATC-1,,0
CCGCTCTTCCGAACTA-1,,0
CCGCTGGTGCCATTCA-1,,0
CCGCTTACCTCACTCT-1,,0
CCGCTTCGCGGTTAAC-1,GC,1
CCGCTTGCTGACATGG-1,GC,1
CCGGAATGGTTTCAGT-1,,0
CCGGAGCGTACTTTCT-1,,0
CCGGAGGTCTTATGGT-1,,0
CCGGCACGACCGTTTC-1,,0
CCGGCCGCGAGCATAT-1,,0
CCGGCGCATATTGGAT-1,,0
CCGGCGTGAGACTCTG-1,,0
CCGGGACCCGCAGAGA-1,,0
CCGGGCGGTCTCGTCA-1,,0
CCGGGCTAAGAATTTC-1,,0
CCGGGCTGCTCCATAC-1,,0
CCGGGTTCGAGGTTAC-1,,0
CCGGTAATGGCTAGTC-1,,0
CCGGTATCTGGCGACT-1,GC,1
CCGGTTTGTAATTGTG-1,,0
CCGTAAGTTGGTCCCA-1,,0
CCGTACCCAAGCGCCA-1,,0
CCGTAGGAAATCCCTG-1,,0
CCGTAGGGTTGTTTAC-1,,0
CCGTATCTCGTCGTAG-1,,0
CCGTATTAGCGCAGTT-1,,0
CCGTCAACCTCTGGCG-1,,0
CCGTGCCCATGACGGC-1,,0
CCGTGGAACGATCCAA-1,,0
CCGTGTTAAATTCCAT-1,,0
CCGTTACGTTAGAACA-1,GC,1
CCGTTCCGAATCTCGG-1,GC,1
CCGTTTCCTTTCCGTG-1,,0
CCTAAACAGGGTCCGT-1,,0
CCTAAAGGCTGACGCT-1,,0
CCTAAATTAACGGTTC-1,GC,1
CCTAAATTGTATCCTA-1,,0
CCTAACCCAAACAAGT-1,,0
CCTAACTAAGGCTCTA-1,,0
CCTAAGTGTCTAACCG-1,GC,1
CCTACAAGTCCGGAAT-1,,0
CCTACAGTTGAGGGAG-1,GC,1
CCTACATTCACAGACG-1,,0
CCTACGCGACCTTACA-1,,0
CCTACGGCTCAGTCGA-1,,0
CCTACTGCTTACACTT-1,,0
CCTAGGCGTAGCGATC-1,,0
CCTAGGTAAAGGTAGC-1,,0
CCTAGTTAGTCGCATG-1,,0
CCTATAATGAGTGCCC-1,,0
CCTATACCGTCCTGTC-1,,0
CCTATATCGTGTCACG-1,,0
CCTATATTTGTCCTGG-1,,0
CCTATCTATATCGGAA-1,,0
CCTATGAAGTGGTGCC-1,,0
CCTATGGCTCCTAGTG-1,,0
CCTATGGGTTACCGTC-1,,0
CCTATGGTCAAAGCTG-1,,0
CCTATGTCCACTCCAC-1,,0
CCTCACCAATCTTGAC-1,,0
CCTCACCTGAGGGAGC-1,,0
CCTCACCTTAGCATCG-1,,0
CCTCATGCAGCTACGA-1,,0
CCTCCCGACAATCCCT-1,,0
CCTCCGACAATTCAAG-1,,0
CCTCCTAGCTAGAGTC-1,,0
CCTCCTGTTGTGTCGT-1,,0
CCTCGAAGTGGACGGG-1,,0
CCTCGACCCACTGCCT-1,,0
CCTCGCCAGCAAATTA-1,,0
CCTCGCGCGATATAGG-1,,0
CCTCGCGCTGTGCGAT-1,,0
CCTCGGACCGGGATAG-1,GC,1
CCTCGGATGCTACCTG-1,GC,1
CCTCGGTTTCCTTGCC-1,,0
CCTCGTTACGCCTGTT-1,,0
CCTCTAATCTGCCAAG-1,,0
CCTCTACAAGGATTGG-1,,0
CCTCTATCGATTAGCA-1,,0
CCTCTCTCCCATCTAG-1,,0
CCTCTGGCCTAGACGG-1,,0
CCTCTGTACTATTCTA-1,,0
CCTGAACGATATATTC-1,,0
CCTGAATATTTACATA-1,,0
CCTGACCACCGATGGT-1,,0
CCTGACGCAACCTTTA-1,,0
CCTGAGAATAAATGCA-1,,0
CCTGATTCGCGAAGAA-1,,0
CCTGCCCGTTGTCTAG-1,,0
CCTGCGATAGAACTGT-1,GC,1
CCTGCGTTCTACGCTT-1,GC,1
CCTGCTATTTGAGAAG-1,,0
CCTGGAAACGTTCTGC-1,,0
CCTGGCTAGACCCGCC-1,,0
CCTGGTCGAATGTGGG-1,,0
CCTGTAAGACATGATA-1,GC,1
CCTGTACTCACGCCCA-1,,0
CCTGTCACCCGGGCTC-1,,0
CCTGTCCCTCACGTTA-1,,0
CCTGTCGCCCGTAAAT-1,,0
CCTGTTCAACCTCGGG-1,,0
CCTGTTTGAAGACACG-1,,0
CCTTAAGTACGCAATT-1,,0
CCTTCAGTTAAAGTGA-1,,0
CCTTCCGCAACGCTGC-1,,0
CCTTCGTATAGAATCC-1,,0
CCTTCTCAGCGTTCCT-1,,0
CCTTCTTGATCCAGTG-1,,0
CCTTGTGAACGTGGTT-1,,0
CCTTTAAGGGAGCACT-1,,0
CCTTTCAATGAAGAAA-1,GC,1
CCTTTGAATTATGGCT-1,,0
CGAAACATAGATGGCA-1,,0
CGAAACGCAATTCATG-1,,0
CGAACAGTATGGGCGT-1,,0
CGAACATAGTCAGAAA-1,,0
CGAACCCGCATGCGTC-1,,0
CGAACCTCTTTCCTAG-1,,0
CGAACGCCCAGTGCCG-1,,0
CGAACGGCCGGACAAC-1,,0
CGAAGACTGCCCGGGA-1,,0
CGAAGATCAGTTTCAT-1,,0
CGAAGCTATAAATTCA-1,,0
CGAAGGGTTTCAGATT-1,GC,1
CGAAGTTGCTCTGTGT-1,,0
CGAATCTGCTCGACGC-1,,0
CGAATGAAGTCATTGC-1,GC,1
CGAATGACGCATAATG-1,,0
CGAATGGTAGGTCGTC-1,,0
CGAATTACATGGTGTT-1,,0
CGACAATTTGATCTAA-1,,0
CGACACGCTCCGACAG-1,,0
CGACAGTTCGCGTTAT-1,GC,1
CGACATGCGATCTTCT-1,,0
CGACCCTTAACGCCGG-1,,0
CGACCGTTGGTATTCG-1,,0
CGACGCATCCGTACCT-1,,0
CGACTCAGGATGTTAT-1,,0
CGACTTGCCGGGAAAT-1,,0
CGACTTTGTATAGCCT-1,GC,1
CGAGACCCTAGAGTGT-1,,0
CGAGAGATGTGAACCT-1,,0
CGAGAGCGCGTAGATA-1,,0
CGAGAGCTTTCACTAC-1,,0
CGAGAGGGTAGCCGCG-1,,0
CGAGATGTTGCCTATA-1,GC,1
CGAGATTTCGCTCGGG-1,,0
CGAGCACTTCAAGTTT-1,,0
CGAGCGTTGATCAGCC-1,,0
CGAGCTGGGCTTTAGG-1,,0
CGAGGAGCTTCCATAT-1,,0
CGAGGATCGGGAACGA-1,,0
CGAGGCCAGGCATTGG-1,,0
CGAGGCTAAATATGGC-1,,0
CGAGGGACTGCGGTCG-1,,0
CGAGGGTATCCAGGTG-1,,0
CGAGTACTAAAGAGGA-1,,0
CGAGTGAAGGTACCAG-1,,0
CGAGTGCTATAGTTCG-1,,0
CGAGTTCTGTCCCACC-1,GC,1
CGAGTTTATCGGACTG-1,,0
CGATAATACTCAGGTT-1,,0
CGATACCTCGCGGACA-1,,0
CGATAGCGATACAGTG-1,,0
CGATAGTCGTACTGCA-1,GC,1
CGATATTAGCCGCAGG-1,,0
CGATCCACCATTGTTG-1,,0
CGATCCGACCCAGTGC-1,,0
CGATCCTCGCAACATA-1,,0
CGATCGAGAAGCACCA-1,,0
CGATCTGTTGGAGGAC-1,,0
CGATGGACCCTACGCC-1,,0
CGATGTTGTTATCTAC-1,,0
CGATTAAATATCTCCT-1,,0
CGATTCGCCTGGCTGC-1,,0
CGATTTGTCATTAATG-1,,0
CGCAAACACGAGTTAC-1,,0
CGCAATTACTTTCGGT-1,,0
CGCAATTAGGGTAATA-1,,0
CGCAATTCTACAATAA-1,,0
CGCACATGTCCACTAC-1,GC,1
CGCACGTCTGTTTATG-1,,0
CGCACGTGCGCTATCA-1,,0
CGCAGAAACATTTGCG-1,,0
CGCAGATCTTCACCCG-1,,0
CGCAGGCGATCCAAAC-1,,0
CGCAGTTCTATCTTTC-1,,0
CGCATCATGGCTTCAG-1,,0
CGCATCCATCAGCCAG-1,,0
CGCATGCCGAATGCGT-1,GC,1
CGCATGGTGCGATGCT-1,,0
CGCATTAGCTAATAGG-1,,0
CGCCAAGAAGCCGAGT-1,,0
CGCCACAGGTCGCGAT-1,,0
CGCCACCCGCATTAAC-1,,0
CGCCATCCGATTATGA-1,,0
CGCCCAGCACGCCTAG-1,,0
CGCCCAGCGTTTCACG-1,,0
CGCCCGCTTCCGTACA-1,,0
CGCCCTAATTGTTCAA-1,,0
CGCCCTTGAAGGCTGA-1,,0
CGCCGCCCATGCCTGT-1,,0
CGCCGCGTTCTGAACG-1,,0
CGCCTCCCTCCTCTAT-1,GC,1
CGCCTGGCCTACGTAA-1,,0
CGCCTTTAGCATGCTC-1,,0
CGCGAAGTGGCATACT-1,,0
CGCGACCGCGACAGAT-1,,0
CGCGAGAGGGACTTGT-1,,0
CGCGAGTCTGCCGGGT-1,,0
CGCGCAAATGTCCAGA-1,,0
CGCGCAAGGAACTACA-1,,0
CGCGCATGTTTGATTG-1,,0
CGCGCCCGACTTAATA-1,,0
CGCGGCAGTATTACGG-1,,0
CGCGGCTCAACTTGAA-1,,0
CGCGGGAATTAGGCAG-1,,0
CGCGGGAATTCCTTTC-1,,0
CGCGGTAAGTCTAGCT-1,,0
CGCGGTACGGTATACA-1,,0
CGCGGTCACAAACCAA-1,,0
CGCGTCATATTAAACC-1,GC,1
CGCGTGCTATCAACGA-1,GC,1
CGCGTTCATGAAATAC-1,,0
CGCTACCGCCCTATGA-1,,0
CGCTACGGGACATTTA-1,,0
CGCTAGAGACCGCTGC-1,,0
CGCTATACCGCCCACT-1,,0
CGCTATTCAATGTATG-1,,0
CGCTATTCTTAGGCTC-1,,0
CGCTCGACATAATGAT-1,,0
CGCTCTCCGTAGATTA-1,,0
CGCTGAGGACGTCCAA-1,,0
CGCTGGTGACTACCCT-1,,0
CGCTGTGACGCCGCAC-1,,0
CGCTGTGTGGATGTTG-1,,0
CGCTTAGTATTGATAC-1,,0
CGCTTATTCCCGGTCG-1,,0
CGCTTCCACTGAAATC-1,,0
CGCTTCGGTCTAAGAC-1,,0
CGCTTGGACGGATAGA-1,,0
CGCTTTCATACCGGTG-1,,0
CGCTTTCCGCCAAGGT-1,,0
CGCTTTCTTGCATTCG-1,,0
CGGAAAGAATCAAACG-1,,0
CGGAAATTTCACATCC-1,,0
CGGAACGTAAACATAG-1,,0
CGGACCTCTGTAGTTA-1,,0
CGGACCTTTACGTCCC-1,,0
CGGAGCAATTTAATCG-1,,0
CGGAGCATGGCGATCC-1,,0
CGGAGCTTATAACACC-1,,0
CGGAGTTTGAGAGACA-1,,0
CGGATAAGCGGACATG-1,,0
CGGATCCTCAAGGACT-1,,0
CGGATGAATGCTGTGA-1,,0
CGGATTCTGCCTTATG-1,,0
CGGCAAACATCGTGCG-1,,0
CGGCAATAAGATCGCC-1,,0
CGGCACCGTTAGCGCC-1,,0
CGGCACTCAAGAAAGT-1,,0
CGGCAGGGTCGGGTTG-1,,0
CGGCCACGCACAAAGT-1,,0
CGGCCAGAGCGACCAT-1,,0
CGGCCCAACCTGTAGT-1,GC,1
CGGCCCAGGTATATCC-1,,0
CGGCGCCATCAATCCC-1,,0
CGGCTCTAAAGCTGCA-1,,0
CGGCTCTTCGTCGAAC-1,,0
CGGCTGCAAGATTAAG-1,,0
CGGCTTTGTATGATAA-1,,0
CGGGAAGTACCGTGGC-1,,0
CGGGAATATAGTATAC-1,,0
CGGGAATTTATGTAAA-1,GC,1
CGGGAGCTTCAGTGTA-1,,0
CGGGAGTATACCGCCG-1,,0
CGGGATCAATGTAAGA-1,,0
CGGGCAGCTAAACCGC-1,,0
CGGGCCATAGCCGCAC-1,,0
CGGGCCTTCTTTGTAA-1,,0
CGGGCGATGGATCACG-1,,0
CGGGTGTACCCATTTA-1,,0
CGGGTTCGGCACGTAT-1,,0
CGGGTTGTAGCTTTGG-1,GC,1
CGGTACTAGAATCAAA-1,GC,1
CGGTAGAGGTGCAGGT-1,,0
CGGTATAGGTATTAGC-1,,0
CGGTATGGGCACTCTG-1,,0
CGGTCAAGTGGGAACC-1,,0
CGGTCCATGAGACTCC-1,,0
CGGTCCGTCGCAAGCC-1,,0
CGGTCTATCAACCCGT-1,,0
CGGTGAAGACTAAAGT-1,,0
CGGTGCAGATAGAACG-1,,0
CGGTGCGCGTTGGTCC-1,,0
CGGTGGGCTCCAGCCT-1,,0
CGGTGTACTTGATCCC-1,,0
CGGTTATCCAACAGTG-1,,0
CGGTTCAAGTAGGTGT-1,,0
CGGTTCCGGCTTCTTG-1,,0
CGGTTGACCTGGCATA-1,,0
CGGTTGAGTATCCTTC-1,,0
CGGTTGGGCAGGGTCC-1,,0
CGGTTGGGTTCAAGTT-1,,0
CGGTTTATGAAGGAAC-1,,0
CGTAAACGCTTGAGTG-1,GC,1
CGTAAAGCAAGAAATC-1,GC,1
CGTAAATAACAAAGGG-1,,0
CGTAACTTCGACACTT-1,,0
CGTACCTGATAGGCCT-1,,0
CGTAGAGAGTAATTAT-1,,0
CGTAGCGAATTGTCAG-1,,0
CGTAGCGCCGACGTTG-1,,0
CGTATTAAGAGATCTA-1,,0
CGTCAAGGCTATAAAT-1,,0
CGTCACGTCCATTGGT-1,,0
CGTCAGTGCGCACAAG-1,,0
CGTCAGTTTATCGTCT-1,GC,1
CGTCATACCATATCCA-1,,0
CGTCGCATGTGAGCCA-1,,0
CGTCGCTTGGTTATAC-1,,0
CGTCGGATAGTGTTGA-1,,0
CGTCGGGTCTAAGCGC-1,,0
CGTCGTCCTTCGCGAA-1,,0
CGTCTGGAAGGGCCCG-1,,0
CGTGAAGTTAATTCAC-1,,0
CGTGACATTGGGTCGT-1,,0
CGTGACCAGTCCTCTG-1,,0
CGTGCACACCACTGTA-1,GC,1
CGTGCAGACTGGGACA-1,,0
CGTGCATTGTCGACGC-1,,0
CGTGCCCGACATTTGT-1,GC,1
CGTGCCCTCCCGAAGA-1,,0
CGTGCTGGCCTAGTCG-1,GC,1
CGTGCTTCTACCTAAA-1,,0
CGTGGCCGAATATCTA-1,,0
CGTGGTACCCAAAGGC-1,,0
CGTGTATGGGAGCTGA-1,,0
CGTGTCCCATTCGCGA-1,,0
CGTGTCTCGTTACGAC-1,,0
CGTGTGTTAAACCCTG-1,,0
CGTTAAACTAGTTAGG-1,,0
CGTTAATGTCCCGACG-1,,0
CGTTAGCTCACAACTG-1,,0
CGTTCAAGGAAACGGA-1,,0
CGTTCAGACCCGCGAA-1,,0
CGTTCATGGTGCGCGT-1,,0
CGTTCTTCGCACACCT-1,,0
CGTTGAATACCGCGCT-1,,0
CGTTGAGCGACCGTCG-1,,0
CGTTGAGTAATTGCGT-1,,0
CGTTGCCCGCGTGGGA-1,,0
CGTTGTAAGATTGATT-1,GC,1
CGTTGTCGGCAATTGA-1,,0
CGTTGTTTCAATTCCC-1,GC,1
CGTTTAAGCGGAGCAC-1,,0
CGTTTACAAGGCAGCT-1,,0
CGTTTCACTTCGGGCG-1,,0
CGTTTCGCTCATTACA-1,,0
CGTTTGTGTAGAGGGT-1,,0
CTAAACGGGTGTAATC-1,,0
CTAAAGAATGCCTACT-1,,0
CTAAAGGATGAGATAC-1,,0
CTAAAGGGAAATAGGA-1,,0
CTAAAGTCCGAAGCTA-1,,0
CTAAATCCGGTGTACA-1,,0
CTAAATCCTATTCCGG-1,,0
CTAACAGCACAATAAC-1,,0
CTAACCGCGCGCCCGT-1,,0
CTAACGAAACTTGCTG-1,,0
CTAACTGATAATCGCC-1,,0
CTAACTGGTCCGGTTC-1,,0
CTAAGGGAATGATTGG-1,GC,1
CTAAGTACAGGGCTAC-1,,0
CTAATTCGCACGCGCT-1,,0
CTAATTCTCAGATATT-1,,0
CTAATTTCAACAACAC-1,,0
CTACAAGAAATAACCC-1,,0
CTACACTAGCTTGTTC-1,,0
CTACACTCGCAGATGG-1,,0
CTACATATCGCGGGAC-1,,0
CTACCCTAAGGTCATA-1,,0
CTACGAACTAGGTCGA-1,,0
CTACGACTAGCTATAA-1,,0
CTACGATCCTATCCTA-1,,0
CTACGCACGGAGTACC-1,,0
CTACGCCATTTCCGAT-1,,0
CTACGTGTTGCCACCA-1,,0
CTACTATCATAGGTTT-1,,0
CTACTATCTTTCAGAG-1,,0
CTACTCAAGGTATAGT-1,,0
CTACTCTAGGCCCGGC-1,,0
CTACTGCCACCTGACC-1,,0
CTAGACATATATGTAG-1,,0
CTAGACTGCATTTCGT-1,,0
CTAGATAAACTCCTCG-1,,0
CTAGATGTGAGTGTAA-1,GC,1
CTAGATTTACGACGGC-1,GC,1
CTAGCAACTAATTTAC-1,,0
CTAGCCACAGGCGAGC-1,,0
CTAGCCCGGGAGACGA-1,,0
CTAGCCGATGTTATGA-1,,0
CTAGGCGCCCTATCAG-1,,0
CTAGGCGGCAGAGAAT-1,,0
CTAGGGATAGGGACAA-1,,0
CTAGGTCTGAAGGAAT-1,,0
CTAGGTTCGGACGTGA-1,,0
CTAGTAGAAAGGGATT-1,,0
CTAGTATTCGGAATTA-1,,0
CTAGTCACGTCTTAAG-1,,0
CTAGTGAAGGACAGGA-1,,0
CTAGTTACAACCCGGT-1,,0
CTAGTTGGGCCCGGTA-1,,0
CTATAAGAGCCAATCG-1,,0
CTATACTTAAAGCGAG-1,,0
CTATAGGCGTTGATGT-1,,0
CTATATCCAGCCTGGC-1,,0
CTATCACAACGCTGGA-1,,0
CTATCGACGAAATACA-1,,0
CTATCGGGTCTCAACA-1,,0
CTATGAACACCTTGCC-1,GC,1
CTATGCCCGAATGCAA-1,,0
CTATGGGAAGCGGAAT-1,,0
CTATGTCACTAGCCCA-1,,0
CTATGTCTATTGAAAC-1,GC,1
CTATGTGAGTCACGGC-1,,0
CTATTCATGTGTCCCA-1,,0
CTATTGTGTTTGGTCA-1,,0
CTATTTGCTTGGAGGA-1,,0
CTATTTGGTTACGGAT-1,,0
CTCAAACCACTGCCCG-1,,0
CTCAACTAACCCGGAT-1,GC,1
CTCAAGACATTAGCGC-1,,0
CTCACATTTACTAAAT-1,,0
CTCACTGTGATACTTA-1,,0
CTCACTTGGCTGGTAA-1,,0
CTCAGAGCTAATGTCG-1,,0
CTCAGCAGACTGCCGA-1,,0
CTCAGGACTCACCTGT-1,,0
CTCAGTCACGACAAAT-1,,0
CTCATGGCTCACAATC-1,,0
CTCATGGTAATTTGCG-1,,0
CTCATTGCTCTAACAA-1,,0
CTCATTTGATGGGCGG-1,,0
CTCCCAATGAGTCGCG-1,,0
CTCCCTCCTTTCGATC-1,,0
CTCCGCCCACATGAGG-1,,0
CTCCGGCCTAATATGC-1,,0
CTCCGGCTTGTAGACA-1,GC,1
CTCCTAAGTTATGTCT-1,,0
CTCCTAGTAATCGTGA-1,,0
CTCCTCCAGCTCACAC-1,,0
CTCCTTTACGCAAGTC-1,,0
CTCGAATGGAACGTAT-1,,0
CTCGAGACATACGATA-1,,0
CTCGAGGCAAGTTTCA-1,,0
CTCGAGGTCGAACAGT-1,GC,1
CTCGATATTTGCGAGC-1,,0
CTCGCACCTATATAGT-1,,0
CTCGCATTGCATAGCC-1,,0
CTCGCCGAATGTAGGG-1,,0
CTCGCTAGGTAAGCGA-1,,0
CTCGGGCATCGTCGGG-1,,0
CTCGGGTTCTCTGGCC-1,,0
CTCGGTACCACTGCTC-1,,0
CTCGGTCCGTAGCCTG-1,,0
CTCGGTTGTCGGCCCT-1,,0
CTCGTCGAGGGCTCAT-1,,0
CTCGTCTGTGCCTTCG-1,,0
CTCGTGGCACTGAAAG-1,,0
CTCGTTACGGCTACCA-1,,0
CTCGTTTCTAATGTTT-1,,0
CTCTAACACCGGCAGC-1,GC,1
CTCTAATGCATTGATC-1,,0
CTCTACACTGGCGATT-1,,0
CTCTACATCCTGCGTG-1,,0
CTCTAGCCCTCGGAAA-1,GC,1
CTCTATTTGGCTGCAG-1,,0
CTCTCACAATCGATGA-1,,0
CTCTCGATGTGCGCCT-1,GC,1
CTCTCTAACTGCCTAG-1,,0
CTCTGCAGGCATTCTT-1,,0
CTCTGCGAAGCAAGCA-1,,0
CTCTGGACGCCTGGTG-1,,0
CTCTGTCCATGCACCA-1,,0
CTCTGTGCCTGCTATG-1,,0
CTCTGTTTGAGGATTC-1,,0
CTCTTCTATTGACTGG-1,,0
CTCTTCTGGAAGTTAG-1,,0
CTCTTGTCCCGCTTGG-1,,0
CTGAAAGAGATCCGAC-1,GC,1
CTGAATCCGAGACCTC-1,,0
CTGAATTTATTGCCAG-1,,0
CTGACTGCGCAGCTCG-1,GC,1
CTGAGAAAGTTCGGCG-1,,0
CTGAGCAAGTAACAAG-1,,0
CTGATAGTGTATCTCA-1,,0
CTGATCCCTTTATGCA-1,GC,1
CTGCAAATGGGCTCCA-1,GC,1
CTGCAAGCACGTTCCG-1,,0
CTGCACAACTACATAT-1,,0
CTGCACCTAGTCCACA-1,,0
CTGCACCTGGAACCGC-1,,0
CTGCACTCCAGTACAG-1,,0
CTGCAGAGAATCAGAG-1,,0
CTGCCAAGGTTGGAAG-1,,0
CTGCCATGCATCACAT-1,,0
CTGCCTAGCCACCAAG-1,,0
CTGCCTTTAATACCTT-1,,0
CTGCCTTTCTAGTAAA-1,,0
CTGCGACCTCGCCGAA-1,,0
CTGCGATTTCGAGATT-1,,0
CTGCGGGTGAAATGTT-1,,0
CTGCGGTAGTCACGTG-1,,0
CTGCGTTACGATATAA-1,,0
CTGCTCTGACGGCAAA-1,,0
CTGCTGAGGCCACGAA-1,,0
CTGCTTGGCGATAGCT-1,,0
CTGCTTTATGTCCGCG-1,,0
CTGGAAATGGATGCTT-1,,0
CTGGAAGACACGGTGG-1,,0
CTGGACGCAGTCCGGC-1,,0
CTGGATTTACACTTGA-1,,0
CTGGCATCCGAATGAG-1,,0
CTGGCGACATAAGTCC-1,,0
CTGGCGCACAGGTCTG-1,,0
CTGGCGGGAATAAGTA-1,,0
CTGGCTCCTGCGGGAT-1,,0
CTGGCTGATTCATCCT-1,,0
CTGGCTGCTAACGTAA-1,,0
CTGGCTGGTTGTCAGT-1,,0
CTGGGATAAATAATGG-1,,0
CTGGGATACGCTACCC-1,,0
CTGGGATCGCCCAGAT-1,GC,1
CTGGGCCTGCTATATC-1,,0
CTGGGCGGCCAAATGT-1,,0
CTGGGCTATCCTTTGG-1,,0
CTGGGTAGGCAGTTAA-1,,0
CTGGGTTGAGTTAAAG-1,,0
CTGGTAAAGTGTGGGC-1,,0
CTGGTAACACATAGAA-1,GC,1
CTGGTAACGAGCTCTT-1,,0
CTGGTCATTCCAATCC-1,,0
CTGGTCCTAACTTGGC-1,,0
CTGGTGAATGGGCCTA-1,GC,1
CTGGTTCAACGCATCA-1,,0
CTGGTTTCGAGCAAGA-1,,0
CTGTACTTCTTAGCAT-1,,0
CTGTAGCCATCTCACT-1,,0
CTGTAGTGAGGATCGA-1,,0
CTGTATGGTGTAGAAA-1,,0
CTGTCAAATGGCTCGG-1,,0
CTGTCACGCCAGGCGC-1,,0
CTGTGCAGGGTAGGTC-1,GC,1
CTGTGGTCGGGAGATA-1,,0
CTGTTACCCAATCTAG-1,,0
CTGTTCACTGCCTGTG-1,GC,1
CTGTTCATCTCACGGG-1,,0
CTGTTGTTCAGTCGTA-1,,0
CTTAACTTCGAAGTAC-1,,0
CTTAATCGACTTAGTA-1,,0
CTTACACGGTATTCCA-1,,0
CTTACACTGGGAAATA-1,,0
CTTACATAGATTTCTT-1,,0
CTTAGATGTTTCATCC-1,,0
CTTAGCCTTCCACATG-1,,0
CTTAGGTATAGACCAG-1,GC,1
CTTAGTAGGCCTACAG-1,GC,1
CTTAGTGTAGTAGCAT-1,GC,1
CTTAGTTGAGGAATCG-1,,0
CTTATGCGCTCAGGGC-1,,0
CTTATGTTGACTACCA-1,,0
CTTCAACTCCACTTGG-1,,0
CTTCACGCCCTGGTAC-1,,0
CTTCAGTGGTCGCCTA-1,,0
CTTCAGTTGGACAACG-1,GC,1
CTTCATAGCTCAAGAA-1,,0
CTTCATCACCAGGGCT-1,GC,1
CTTCATTGTCAGTGGA-1,,0
CTTCCGCTCCGTGAAG-1,,0
CTTCGATTGCGCAAGC-1,,0
CTTCGGCCAATTGTTT-1,,0
CTTCGTAGATAGGTGA-1,GC,1
CTTCGTGCCCGCATCG-1,GC,1
CTTCTATGTTGAAGTA-1,,0
CTTCTATTAATGCTAG-1,,0
CTTCTGGGCGTACCTA-1,,0
CTTCTTACGTCGTATA-1,,0
CTTGACCCGAAAGATA-1,,0
CTTGAGGTTATCCCGA-1,,0
CTTGAGTTAGGGTAAT-1,,0
CTTGCAACCGCCTCCT-1,,0
CTTGCCCAGGCTCTAC-1,,0
CTTGGCCAAGCTGGGA-1,,0
CTTGTACTTGTTGACT-1,,0
CTTGTCAACATTCGAG-1,,0
CTTGTCGTACGTGTCA-1,GC,1
CTTGTGAGTCTTTGAC-1,,0
CTTGTGCTCACCGATT-1,,0
CTTGTTGCTGAGTCAA-1,,0
CTTGTTTATGTAGCCA-1,,0
CTTTAACTTTCAAAGG-1,,0
CTTTAATATTGGTCGA-1,,0
CTTTACCGAATAGTAG-1,,0
CTTTAGGAACACTGTT-1,GC,1
CTTTAGTGCTATTATT-1,GC,1
CTTTATCCGACGCATG-1,,0
CTTTCTGTGCGGGCTT-1,,0
CTTTGAAACATATTCC-1,,0
CTTTGCATCGCTCTTG-1,,0
CTTTGGCAGACAGAGT-1,,0
CTTTGGCGCTTTATAC-1,,0
CTTTGGCTTTAGTAAA-1,,0
CTTTGGGATTGTTGCA-1,,0
CTTTGTCGAATGCTCC-1,,0
GAAACAGATGACCACC-1,,0
GAAACAGCCATGCAGT-1,,0
GAAACATAGGAAACAG-1,,0
GAAACCATGGTGCGCT-1,GC,1
GAAACCGAATTACCTT-1,,0
GAAACCTATACAAATG-1,,0
GAAACTCGTGCGATGC-1,,0
GAAACTCTAATGAAGG-1,,0
GAAAGAACAGCGTTAT-1,,0
GAAAGCAGTGCACTTT-1,,0
GAAAGCCCTTTGGACC-1,GC,1
GAAAGTGACTAACTGC-1,,0
GAAATACCTGCTGGCT-1,,0
GAAATACTAAACGTTT-1,,0
GAAATATCACCATCAG-1,,0
GAAATATGCTTGAATG-1,,0
GAAATCGCGCGCAACT-1,,0
GAAATGGCGGTGTTAG-1,,0
GAAATGGGATGTAAAC-1,,0
GAAATTAGCACGGATA-1,,0
GAAATTCACATCGCTG-1,,0
GAAATTGTCTCTATAA-1,,0
GAACAACTGGGATGAA-1,,0
GAACACACATCAACCA-1,,0
GAACAGATTACTAAAT-1,,0
GAACCATCTGGGAGAC-1,,0
GAACCCTCTGTGTTCT-1,,0
GAACCTCGACCTACAC-1,,0
GAACCTTTAACGATCC-1,,0
GAACGACCGAATGATA-1,,0
GAACGCGGGTCACACG-1,,0
GAACGTCTCATGGTCG-1,,0
GAACGTTAGGAAGACG-1,,0
GAACTGTGGAGAGACA-1,,0
GAACTTAGCGCCCGGT-1,,0
GAAGAAACGATATTGT-1,,0
GAAGAACGGTGCAGGT-1,,0
GAAGACTTCAATGCCG-1,GC,1
GAAGCAAGGCAATGTT-1,,0
GAAGCCACTGATTATG-1,,0
GAAGCCTGCACATTCC-1,,0
GAAGCTCGGACCCGTC-1,,0
GAAGCTTGCTGACCGC-1,,0
GAAGGAGTCGAGTGCG-1,,0
GAAGGGTCATTAAGAC-1,,0
GAAGTCAGTTGCACTA-1,,0
GAAGTCTCCCTAGCGA-1,,0
GAAGTGATTTATCGTG-1,,0
GAAGTGCTGGATAGCT-1,,0
GAAGTTTCCACTCAAT-1,,0
GAATAGACGCGACCCA-1,,0
GAATAGCCCTGCGGTC-1,,0
GAATAGTGCTCGATTA-1,,0
GAATATTCGGAGTCCC-1,,0
GAATCGACATGGTCAC-1,,0
GAATCGCCGGACACGG-1,,0
GAATCTATACTCGGAC-1,,0
GAATCTGAACATTCTC-1,GC,1
GAATGAAGGTCTTCAG-1,,0
GAATGCCGAAATGACC-1,,0
GAATGCGAATCGGTTC-1,GC,1
GAATGTATGGCAGGTC-1,,0
GAATGTGGTCCGGATT-1,,0
GAATGTTGGGTAATCT-1,,0
GAATTATAGTGAAAGG-1,,0
GAATTCACCCGGGTGT-1,,0
GAATTTCTCGCTGCAG-1,,0
GACAAACATATGCAGG-1,,0
GACAACGACCATTGAA-1,,0
GACAACGCAGCTTACG-1,,0
GACACAAGGGAAGAAA-1,,0
GACACCCAAAGACGCG-1,,0
GACACGAGTTAGAGGA-1,,0
GACACTGAGTTCAGTG-1,GC,1
GACACTGGAACCCGAT-1,,0
GACAGAGGTCTTCAGT-1,,0
GACAGATTTCTGGCTC-1,,0
GACAGCCAGACCTGAC-1,GC,1
GACAGGCACACACTAT-1,,0
GACAGGTAATCCGTGT-1,,0
GACATCCGTCGAACTG-1,,0
GACATCGATTTATAAC-1,,0
GACATTTCGCCCAGCC-1,,0
GACCACACTTCCCTTT-1,,0
GACCAGAGCCCTGTAG-1,,0
GACCAGGTCATTCATA-1,,0
GACCCAATTATGATAC-1,,0
GACCCGTCGCCGGCTA-1,,0
GACCGACGTGAAAGCA-1,,0
GACCGACTGAAGCGTC-1,,0
GACCGATTAAATATGT-1,,0
GACCGCGTCTGACGTG-1,,0
GACCGTCAGGTCGTGA-1,,0
GACCGTGCTGACGGTG-1,,0
GACCTTCCACGTCTAC-1,,0
GACGACGATCCGCGTT-1,,0
GACGAGGCTAATAAAC-1,,0
GACGATATCACTGGGT-1,,0
GACGCATACCCGTCGG-1,,0
GACGCCGTAAAGGCTA-1,,0
GACGCCTGTTGCAGGG-1,,0
GACGCTTGCTTCTAAA-1,,0
GACGGACCGCGTTCCT-1,GC,1
GACGGGATGTCTTATG-1,GC,1
GACGGGTTGGCCCGTA-1,,0
GACGGTCAATAGAAGC-1,,0
GACGTGAGACTCCATG-1,,0
GACGTGTAGGGATTAT-1,,0
GACGTTCGTAAATACA-1,,0
GACGTTGCTCGGCGGC-1,,0
GACTAACACAGCACCT-1,,0
GACTAAGATCATGCAC-1,,0
GACTAAGTAGGCTCAC-1,,0
GACTACAAAGCGGTGG-1,,0
GACTACAATTGCTCGT-1,,0
GACTAGGCCGTTAGGT-1,,0
GACTCACCCACGTGAG-1,,0
GACTCCCAGAATAAGG-1,GC,1
GACTCCTTCCAATTGA-1,,0
GACTCGCGGGAATGAC-1,,0
GACTCGGTCGGCGGAT-1,,0
GACTCTAGAGTTCCAA-1,,0
GACTGATTGGTCACAA-1,,0
GACTGCAAATCGAGCT-1,,0
GACTGCACCAGCCCAG-1,,0
GACTGCGGCACGTGTA-1,,0
GACTGCTGGTGAGAAA-1,,0
GACTGGGCGCCGCAAC-1,,0
GACTTCAACGCATCAA-1,,0
GACTTTCGAGCGGTTC-1,,0
GAGAACGGTTCTGACT-1,,0
GAGACCCTGCAACGCC-1,,0
GAGACTGATGGGTAGA-1,,0
GAGACTTCGCGACCGA-1,,0
GAGAGGCCTATGTGTA-1,,0
GAGAGGGCGCGAGGTT-1,,0
GAGAGGTGCATTCTGG-1,,0
GAGAGTCTCGGGAGAG-1,,0
GAGATCTGCTTGGCAT-1,GC,1
GAGATCTGTCACTCCG-1,,0
GAGATCTTCCATGACA-1,,0
GAGATGGCTTTAATCA-1,,0
GAGATGGGAGTCGACA-1,,0
GAGCACCTGTGTCCAG-1,,0
GAGCATCAACAACTTG-1,,0
GAGCATCATCCCTGGG-1,,0
GAGCCACGGTAGTAGG-1,,0
GAGCCAGCTACCTGTG-1,,0
GAGCCGAGCGTTTATT-1,,0
GAGCGAGGGAGTACCG-1,,0
GAGCGCAAATACTCCG-1,,0
GAGCGCGCACGAGTAG-1,,0
GAGCGCTGTTAGGTAA-1,,0
GAGCGGAATGCGGTGT-1,,0
GAGCTAAGGGCATATC-1,,0
GAGCTCAACATGAGCG-1,,0
GAGCTCTCGGACCTAA-1,,0
GAGGAATATCTCTTTG-1,,0
GAGGAATGGAGAGGTT-1,,0
GAGGAGTAATTCCTAC-1,,0
GAGGATAAACAGTGCT-1,,0
GAGGCCCGACTCCGCA-1,,0
GAGGCCTGTTGATACA-1,,0
GAGGCTATCAAAGTCG-1,,0
GAGGGAGTCAGATCGC-1,,0
GAGGGCATCGCGTATC-1,,0
GAGGGCGCAGCTCTGC-1,,0
GAGGGTAGTAACAAAG-1,,0
GAGGTACATCCATCTT-1,GC,1
GAGGTACGCGTGTCCC-1,,0
GAGGTCCCAAAGATCT-1,,0
GAGGTCCGTTCGCTGT-1,,0
GAGGTCTTAGTGGGTC-1,,0
GAGTAAACCGGAAAGT-1,,0
GAGTAAGGCCACGGGA-1,,0
GAGTACGGGTATACAA-1,,0
GAGTAGATACTAGTTG-1,,0
GAGTATACCCTAATCA-1,GC,1
GAGTATGCCCGCCTTG-1,,0
GAGTATGCGCGTGCAT-1,,0
GAGTCAGACCAGAATC-1,,0
GAGTCCACCAGGTTTA-1,,0
GAGTCCGCTTACCGGA-1,,0
GAGTGTCAACCAGAAA-1,GC,1
GAGTGTGCGGTACCCA-1,,0
GAGTTCTGTGGGTGCT-1,,0
GAGTTGATGGCAATTT-1,,0
GAGTTGTCACCAGTCT-1,,0
GATAAATCGGTGGATG-1,,0
GATAACTCGCACTGTG-1,GC,1
GATAAGGCAGATGCAA-1,,0
GATACGATGGGAGTCA-1,GC,1
GATAGAACCCGCTAGG-1,,0
GATAGATAGTACAGTC-1,,0
GATAGGTAACGTTGAC-1,,0
GATAGTGCGAGTAAGT-1,,0
GATATCAAGCAGGAGC-1,,0
GATATCTCATGCAATA-1,GC,1
GATATGAGACACTAAC-1,,0
GATATGCGGTAGCCAA-1,,0
GATATGGATTACGCGG-1,,0
GATATTGAGATTGGCG-1,,0
GATATTTCCTACATGG-1,,0
GATCAACATAAAGGGA-1,,0
GATCATTCCAAACATT-1,,0
GATCCCTTTATACTGC-1,GC,1
GATCCGGGAATTAACA-1,,0
GATCCTAAATCGGGAC-1,,0
GATCCTCGACACTGGC-1,,0
GATCCTCTTGCGCTTA-1,,0
GATCGACACTATCTGA-1,,0
GATCGCGGGCTCTCCA-1,,0
GATCGCTACCCGATTT-1,,0
GATCGCTATATCTCAG-1,,0
GATCGCTGTGGTGCGT-1,,0
GATCGGATAGAACCAT-1,,0
GATCGGCGATAAGTCG-1,,0
GATCGGTGGCCATAAC-1,,0
GATCGTGACTGATATC-1,,0
GATCTAACCGTATTCA-1,,0
GATCTCGACGCTGTGG-1,,0
GATCTGCTATCTAAGG-1,,0
GATCTTGGAGGGCATA-1,GC,1
GATCTTTGCAGGGTAT-1,GC,1
GATGACAAGTAGGGCA-1,,0
GATGACGATGATCGCG-1,GC,1
GATGAGGAACCTTCGG-1,,0
GATGATTTGAAACTGG-1,GC,1
GATGCCACACTACAGC-1,GC,1
GATGCCAGCAGAAGGC-1,,0
GATGCCTTCTGCGGCA-1,,0
GATGCGTCCTGCATTC-1,,0
GATGCTACAAGCGCCT-1,,0
GATGCTACCTTCGATG-1,,0
GATGCTGTATTTCATC-1,GC,1
GATGGCGCACACATTA-1,,0
GATGGTGCCCTAGGCA-1,,0
GATGTAACGAACCACC-1,,0
GATGTCCGGATCACAT-1,,0
GATGTCGGTCAACTGC-1,,0
GATGTGTTGTCACAAG-1,,0
GATGTTCAATCCACGA-1,GC,1
GATGTTTGTGCGAGAT-1,,0
GATTAACCGAAAGCCC-1,,0
GATTAATCCTGGCTCA-1,,0
GATTACTGAATTTGGG-1,,0
GATTAGAAACAAGCGT-1,,0
GATTATCTTGCATTAT-1,,0
GATTCCCTTGTCGCAG-1,,0
GATTCCGCGTTTCCGT-1,,0
GATTCCTATACGGCGC-1,,0
GATTCGACGGTTCACG-1,GC,1
GATTCTGTTAATGAGT-1,,0
GATTGACACTCTGCTC-1,GC,1
GATTGCTCCAGTTGCA-1,,0
GATTGGGAAAGGTTGT-1,,0
GATTTGCGCTAACACC-1,,0
GCAAACCCTACATTAT-1,,0
GCAAACCTTGGCCATA-1,,0
GCAAACGTCGCCAGGT-1,,0
GCAAAGGGCGTTAGCC-1,,0
GCAAATATTACGCTTT-1,GC,1
GCAACACACTAGAACT-1,,0
GCAACAGCAGTATGCG-1,,0
GCAACCACCAGACCGG-1,,0
GCAACCACGGCCGCGT-1,,0
GCAACGGCTAGTTATG-1,,0
GCAAGAATTCCTTGGC-1,,0
GCAAGATGTGTTCGCG-1,,0
GCAAGTGCACAGAGAA-1,,0
GCAAGTGTAAAGCATG-1,,0
GCACAAACCCTAGATG-1,,0
GCACAAACGAGGCGTG-1,,0
GCACAACCTCGGGCGT-1,,0
GCACAAGTGTCGGAAG-1,,0
GCACACACTGGTAGCC-1,,0
GCACACAGCTATTACC-1,,0
GCACACGCCCATGGTC-1,,0
GCACAGCACGGGCCGA-1,,0
GCACGCCGATTCCCGC-1,,0
GCACGCCTACTTAGAT-1,,0
GCACGTGGTTTACTTA-1,,0
GCACTAGTCGCGCTAT-1,,0
GCACTCCCACAGTCCC-1,,0
GCACTGCCTACCTTTA-1,,0
GCACTGTGCAAATGTA-1,,0
GCAGACCCAGCACGTA-1,,0
GCAGATCCATAAGACT-1,,0
GCAGATCCTCGCAAAT-1,,0
GCAGATTAGGGATATC-1,,0
GCAGCACACAGCCCAG-1,,0
GCAGCCTATATCACAT-1,,0
GCAGCGGTGGGCATTA-1,,0
GCAGCTATGGACAGGT-1,,0
GCAGCTGTCAACGCAT-1,,0
GCAGGAACTTAGATCT-1,,0
GCAGGACTATAGAATA-1,,0
GCAGGTAGAGTATGGT-1,,0
GCAGTGTGGCTATAGG-1,,0
GCATACGAGGTCTTTA-1,,0
GCATAGAGCACTCAGG-1,,0
GCATCCCTAACTTTGA-1,,0
GCATCGGCCGTGTAGG-1,,0
GCATGAGGGACGCGGC-1,,0
GCATGCTAATAACGAT-1,,0
GCATTCAAGGCAACGC-1,GC,1
GCATTCGAAATGAACA-1,,0
GCATTGACTTGCGGAA-1,,0
GCATTGTAATTCATAT-1,GC,1
GCATTTCCAAGGCTCC-1,,0
GCCAACCATTTCCGGA-1,,0
GCCAAGAATACTTCTG-1,,0
GCCAATAGGGCATCTC-1,,0
GCCACAATTTAAGGAC-1,,0
GCCACTCAGAGCGCGA-1,,0
GCCAGGAAAGAACACT-1,,0
GCCAGGAGTAACCGAT-1,,0
GCCAGGCGTTCGCATG-1,,0
GCCATATTGCACACAG-1,,0
GCCATCGAGCTGCGTG-1,,0
GCCATCGATGCTGCAT-1,,0
GCCATTAGCCTCAAAC-1,,0
GCCCACCAAGGCTGTC-1,,0
GCCCAGTTGGTATGCC-1,,0
GCCCATGGGTGCAATG-1,,0
GCCCGACTTCTTCCCG-1,,0
GCCCGAGAGTCTAAAT-1,,0
GCCCGATCTGTGGTCG-1,,0
GCCCGATGCCCAGTTC-1,,0
GCCCGCGCGTAAACGG-1,,0
GCCCGCGCGTTTGACA-1,,0
GCCCGTAATACCTTCT-1,,0
GCCCGTTCACACAATT-1,,0
GCCCTAAGTGCAGGAT-1,,0
GCCCTAGCCGTCGCGA-1,,0
GCCCTGAGGATGGGCT-1,,0
GCCGAAATTCCTACGT-1,,0
GCCGACCCACGACTGC-1,,0
GCCGATTGGCCAAGCT-1,,0
GCCGCATTAGTCCGGC-1,,0
GCCGCTAGATACGCAG-1,,0
GCCGCTTGTGAGAAAC-1,GC,1
GCCGGAAACACATCTT-1,,0
GCCGGGTTAGGGTCGC-1,,0
GCCGGTCGTATCTCTC-1,,0
GCCGGTTTGGGCGGAT-1,,0
GCCGTCGGTTTCGGGC-1,,0
GCCGTGGAAGAAATGT-1,,0
GCCTACGTTCTGTGCA-1,,0
GCCTAGCGATCTGACC-1,,0
GCCTATAGTGTCAGGG-1,,0
GCCTATGCTGGGCCTT-1,GC,1
GCCTATTCCGATATAG-1,,0
GCCTATTTGCTACACA-1,,0
GCCTCAGGTACCGGTC-1,,0
GCCTCATCTGGAAATA-1,,0
GCCTCCGACAATTCAC-1,,0
GCCTCTATACATAGCA-1,,0
GCCTGCTACACTGAGA-1,,0
GCCTGTCCCGGTGCAT-1,,0
GCCTTCAGCCCTACCG-1,,0
GCCTTGTATATGCAGT-1,,0
GCCTTTGTCAGTGGAC-1,GC,1
GCGAAACGATCGGGAG-1,,0
GCGAAACTTAACTGGA-1,,0
GCGAAGAATCTGACGG-1,,0
GCGAAGCCATACCCGT-1,,0
GCGAATGGACTAGCGA-1,,0
GCGACATGTAAACATC-1,,0
GCGACCCAACCATCTG-1,,0
GCGACGATAGTTGTAC-1,,0
GCGACGGTAGTCTCCT-1,,0
GCGAGAGGCCATGTAA-1,,0
GCGAGAGTTGCGTCCA-1,GC,1
GCGAGCGCATGCTCCC-1,,0
GCGAGGCCCGAGCAGA-1,,0
GCGAGTTCTGCAAAGA-1,,0
GCGATTCTGGAAGCAG-1,,0
GCGATTGTTAACGTTA-1,,0
GCGCAAATATATTCAA-1,,0
GCGCAAGAGCGCGCTG-1,,0
GCGCATCCAGTCAGCA-1,,0
GCGCCGTTCCACGATA-1,GC,1
GCGCCTCCCACTCCGA-1,,0
GCGCGATGGGTCAAGT-1,,0
GCGCGGTCTAGTAACT-1,,0
GCGCGTCATTGGTACA-1,,0
GCGCTAAGTATGCATG-1,,0
GCGCTAATTGAATAGA-1,,0
GCGCTATGCCGAGGCA-1,,0
GCGCTGATCCAGACTC-1,,0
GCGCTGCTTTGCATTT-1,,0
GCGCTTAAATAATTGG-1,,0
GCGGACCGCGTTGTGG-1,,0
GCGGAGAAACTTCGCA-1,,0
GCGGAGAGGGAGAACG-1,,0
GCGGCAAAGTATTGCC-1,,0
GCGGCTCTGACGTACC-1,,0
GCGGCTTTAGCAAGTT-1,,0
GCGGGAACCAGGCCCT-1,,0
GCGGGCAGACGGGTGA-1,,0
GCGGGCATTACGATGC-1,,0
GCGGGCGAGCCTTACC-1,,0
GCGGTAACCCAAATGA-1,,0
GCGGTCCCTAGACGCA-1,,0
GCGGTCTTGCTTTCAC-1,,0
GCGGTGAACTGCGCTC-1,,0
GCGGTTCCCTATCATG-1,,0
GCGTAAATGGCCATAA-1,,0
GCGTCCAGCTCGTGGC-1,,0
GCGTCCCTAAGACATA-1,,0
GCGTCGAAATGTCGGT-1,,0
GCGTCGCCAGGGTGAT-1,,0
GCGTCGTAACATGGTC-1,,0
GCGTCTCTGCATTGGG-1,,0
GCGTGGTACTGGGTTA-1,,0
GCGTGTATGTCGTATT-1,GC,1
GCGTTATATTTGGAAC-1,,0
GCTAAACCTGAGGTGA-1,,0
GCTAACTGAAGTCTGA-1,,0
GCTAAGTAAAGGCGAT-1,,0
GCTAAGTAGTTTCTCT-1,,0
GCTAATACCGAATGCC-1,,0
GCTACAATCGAGGATA-1,,0
GCTACACTGTCCGAAC-1,GC,1
GCTACAGTACGGACCG-1,,0
GCTACGACTTATTGGG-1,GC,1
GCTACTATAGTAGAGT-1,,0
GCTAGACCGTCTACTG-1,,0
GCTAGAGTAGAGATGT-1,,0
GCTAGCAACGCACCTA-1,,0
GCTAGCAGGGAGTGGG-1,,0
GCTAGCGATAGGTCTT-1,,0
GCTAGCTTGAATAGCT-1,,0
GCTAGGCACCACGGAG-1,,0
GCTAGTAGAGCTTGTA-1,,0
GCTAGTTTCATTGAGG-1,,0
GCTATACGTCTCGGAC-1,,0
GCTATCATACTCATGG-1,,0
GCTATCGCGGCGCAAC-1,,0
GCTCAATCCGTTTATT-1,,0
GCTCAATGTAATACCG-1,,0
GCTCATTACTGCATGT-1,GC,1
GCTCATTGATCATATC-1,,0
GCTCCATGCAAAGCAA-1,,0
GCTCCCAGTCGGTCCA-1,,0
GCTCCGCTCGCTTCAG-1,,0
GCTCCTGACATACTGG-1,,0
GCTCGACCGAACTGAA-1,,0
GCTCGCGGTTCCGCTC-1,,0
GCTCGCTCATGTCCAA-1,,0
GCTCGGAATTTAAAGC-1,,0
GCTCTAAACCCTGACG-1,,0
GCTCTATGTTACGTGC-1,,0
GCTCTCGGGTACCGAA-1,,0
GCTCTTTCCGCTAGTG-1,,0
GCTGAATCTTCCAATC-1,,0
GCTGAGGCGTGAGTAT-1,,0
GCTGCACGGTTTCTTA-1,,0
GCTGCGAAGAATTATT-1,,0
GCTGCTAAGTAGTCGA-1,,0
GCTGCTACTGCGTAGC-1,,0
GCTGCTCTCCGGACAC-1,,0
GCTGGACCCAAAGTGG-1,,0
GCTGGCATATTCACCT-1,,0
GCTGGCGGCGCATGCT-1,,0
GCTGGGAGCGCGTCAA-1,,0
GCTGGTGACTCGTAGT-1,,0
GCTGGTTTAGGCCATA-1,,0
GCTGTATTACTGGCCC-1,,0
GCTGTCTGTGATCGAC-1,,0
GCTGTTGCTACCGAAC-1,,0
GCTTAATGTAACTAAC-1,,0
GCTTACGTAGTTAGTA-1,,0
GCTTATGAAGCAGGAA-1,,0
GCTTCAGTGGGATTAC-1,,0
GCTTCCCGTAAGCTCC-1,,0
GCTTCCGTCCCTAGAC-1,,0
GCTTCGACGTTCAATC-1,,0
GCTTGATGATAATCAG-1,,0
GCTTGCAGCACAATTG-1,GC,1
GCTTGGATCGATTAGG-1,,0
GCTTTACACAACTGGG-1,,0
GCTTTATTAAGTTACC-1,,0
GCTTTCAGAGGAGGTG-1,,0
GGAAACAGAGCTTGGG-1,,0
GGAAACTAAATGGGCC-1,,0
GGAAAGGGAATTGAGC-1,,0
GGAAAGTCTTGATTGT-1,,0
GGAAAGTGCCCATGCC-1,,0
GGAACCGTGTAAATTG-1,,0
GGAACCTTGACTCTGC-1,,0
GGAACGGCCTGCAGCC-1,,0
GGAACTCGTGAATACG-1,,0
GGAACTTTGGCGATTA-1,,0
GGAAGCTCGCTTACAG-1,,0
GGAAGGACACCGTATA-1,,0
GGAATAACCTCAAGAA-1,GC,1
GGAATGCGCTAGCGTG-1,,0
GGACACAAGTTTACAC-1,,0
GGACACCTCGGTGTTG-1,,0
GGACCAACAGGATAAC-1,,0
GGACCTACGGTAACGT-1,,0
GGACCTCTAGGCCGCC-1,,0
GGACGGCTTGCGCAAC-1,,0
GGACGGGCGACCAACC-1,,0
GGACGTCCATAGTTGG-1,,0
GGACTCGACAGCGCAT-1,,0
GGACTCGTGAGTGGTC-1,,0
GGACTCTTTGACTAAG-1,,0
GGAGAAGTCATTGGCA-1,,0
GGAGACCAATGTGCTT-1,,0
GGAGACCATCTACATA-1,,0
GGAGACGACACCTTTG-1,GC,1
GGAGCAACATTTCAAG-1,,0
GGAGCACCAAGAACTA-1,,0
GGAGCGAGGCCTACTT-1,,0
GGAGGATTGAAAGGAG-1,,0
GGAGGCCGAAGTCGTC-1,,0
GGAGGGCTTGGTTGGC-1,GC,1
GGAGGGTCAAGTAAGA-1,,0
GGAGTGCCGCCCTGGA-1,,0
GGATACTCATGAATTG-1,,0
GGATCAAAGGACGAGG-1,,0
GGATCATCCCGTACGC-1,,0
GGATCCGGAATATACT-1,,0
GGATCTACCGTTCGTC-1,,0
GGATCTTACTGCCCTT-1,,0
GGATCTTGACTCAACC-1,,0
GGATGAAGATCGCTGA-1,,0
GGATGACGCGAGTTTA-1,,0
GGATGCTGGCGTTCCT-1,,0
GGATGTCCTTACCGCA-1,,0
GGATTAAGCTAAGGTC-1,,0
GGATTAATCATGGACC-1,,0
GGATTCAGTACGGTGG-1,,0
GGATTCCGCTATACCC-1,,0
GGATTGCTGTGACTCC-1,,0
GGATTTCACTTCTATA-1,,0
GGCAAAGGCGCCAATA-1,,0
GGCAAATTACTTTACT-1,,0
GGCAAGCCCATAGTGG-1,,0
GGCAAGGCGAAATAGC-1,,0
GGCAATAGTCAATGAG-1,,0
GGCACTCCACTGGGCA-1,,0
GGCAGCAAACCTATGC-1,,0
GGCAGCGGTAATCCTA-1,,0
GGCATACAGGTAGCGG-1,,0
GGCATATCGGTTCTGC-1,,0
GGCATCAACGAGCACG-1,,0
GGCATTGAACATCTCA-1,,0
GGCCACAAGCGATGGC-1,,0
GGCCCAGCTGGTTTGC-1,,0
GGCCCAGTTATCAGCA-1,,0
GGCCCGGAGCATGTCT-1,,0
GGCCCTCACCCACTTA-1,,0
GGCCGAGACTCTGGTG-1,,0
GGCCGCAGGAACCGCA-1,,0
GGCCGGCGTCTGCTAT-1,,0
GGCCGTTTGGGTTTCA-1,,0
GGCCTGCTCTGATGTT-1,,0
GGCCTGCTTCTCCCGA-1,,0
GGCGAAATCTAACTTG-1,,0
GGCGAGCATCGAGGAC-1,GC,1
GGCGAGCGAAACGGCA-1,,0
GGCGCAGGACATCTTC-1,,0
GGCGCATGAATTGATG-1,,0
GGCGCGGAGATCTTTC-1,,0
GGCGCGTTCGAGTTTA-1,,0
GGCGCTCCTCATCAAT-1,GC,1
GGCGCTTCATTCCCTG-1,,0
GGCGGAGTAATATTAG-1,,0
GGCGGTAGGATCATTG-1,,0
GGCGTACCCTATATAA-1,,0
GGCGTAGGGAAAGCTG-1,,0
GGCGTCCTATCCGCTG-1,,0
GGCTAAAGGGCGGGTC-1,,0
GGCTAATGATTGAAAT-1,,0
GGCTACTATACACTCC-1,,0
GGCTATTAAGTTGTAT-1,GC,1
GGCTCCTCCACCTGTT-1,,0
GGCTCGCGTTGAGGTA-1,,0
GGCTCGTGCCACCAGC-1,,0
GGCTCTGCTCCAACGC-1,,0
GGCTGAAATAGCAAAG-1,,0
GGCTGAGCATCGTAAG-1,,0
GGCTGGCAATCCCACG-1,,0
GGCTGGCTAGCTTAAA-1,,0
GGCTGTCCTACTGCGG-1,,0
GGCTTCTCGTGGGTGG-1,GC,1
GGCTTTCAATAAGGGT-1,,0
GGGAACCACCTGTTTC-1,GC,1
GGGAACGGGAGGTTAG-1,,0
GGGAACGGTTTCAGAT-1,,0
GGGAAGACGGTCTGTC-1,,0
GGGAAGGGCTTTCTCA-1,,0
GGGAATGAGCCCTCAC-1,,0
GGGACAGAGTTACTCC-1,,0
GGGACCCGTATATCTT-1,,0
GGGACTGCATAGATAG-1,,0
GGGAGAACTCACAGTA-1,,0
GGGAGCGACCGTAGTG-1,,0
GGGAGGATGCCCGAAA-1,,0
GGGAGTAATGGCTGGC-1,,0
GGGAGTTAATGAGGCG-1,,0
GGGATATTGATCGCCA-1,,0
GGGATGGACCCGCGTC-1,,0
GGGATGGTCGTAACCG-1,,0
GGGATTTACCGCACCT-1,GC,1
GGGCAACCGCACGTGC-1,,0
GGGCACGTAGTACTGT-1,,0
GGGCACTATTGACCAT-1,,0
GGGCAGAGCAATCGTT-1,,0
GGGCAGGATTTCTGTG-1,,0
GGGCAGTCAACGCCAA-1,,0
GGGCATGCATGTCGAG-1,,0
GGGCCCGTCTTAAACA-1,,0
GGGCCCTACGAAAGGG-1,,0
GGGCCGGCCGAAGTAC-1,,0
GGGCCTAAATGGGCTA-1,,0
GGGCCTATTTAAGTAT-1,,0
GGGCGATATGTGTGAA-1,GC,1
GGGCGGCAAATGAATT-1,,0
GGGCGGGTTCCCTACG-1,,0
GGGCGGTCCTATTGTC-1,,0
GGGCGTACATTTATAT-1,,0
GGGCGTCACCACGTAA-1,,0
GGGCGTCCACTGGCTC-1,,0
GGGCGTGGTTTCCCAG-1,,0
GGGCGTTTACATTCAT-1,,0
GGGCTACTATTTCGTG-1,,0
GGGCTATGATCGATGG-1,,0
GGGCTCATCGAACCCA-1,,0
GGGCTGCCTAGGGCGA-1,,0
GGGCTGGTTAGTCGCG-1,,0
GGGTAATGCTGTGTTT-1,GC,1
GGGTACCCACGGTCCT-1,,0
GGGTACTTCATGAACT-1,GC,1
GGGTATGTATGCACTT-1,,0
GGGTATTCTAGCAAAC-1,,0
GGGTCACCGTGACGGT-1,,0
GGGTCACGTGCTTATG-1,,0
GGGTCAGGAGCTAGAT-1,,0
GGGTCATGCGTACCAT-1,,0
GGGTCCTTGGAAGAAG-1,,0
GGGTCGTGGCAAGTGT-1,,0
GGGTCTATCGCTTTCC-1,,0
GGGTGACACCTTAACT-1,,0
GGGTGCATATGAAAGC-1,,0
GGGTGGTCCAGCCTGT-1,,0
GGGTGTTTCAGCTATG-1,,0
GGGTTAACATTTGAGT-1,,0
GGGTTCAGACGAACAA-1,,0
GGGTTTAGGATAGGAT-1,,0
GGTAAACTCTGCGCTG-1,,0
GGTAAATGTGCGTTAC-1,,0
GGTAACCGGGAGGATA-1,,0
GGTAACTATGTATCTG-1,,0
GGTACAAACATGCTAT-1,,0
GGTACACCAGATTTAT-1,,0
GGTACATCTGGGACGA-1,,0
GGTACCATTAAGACGG-1,,0
GGTAGAAGACCGCCTG-1,,0
GGTAGACCGTTGGGCG-1,,0
GGTAGGCCAATATCAC-1,,0
GGTAGTGCTCGCACCA-1,,0
GGTATAGTGACACATA-1,,0
GGTATTGCCGAGTTTA-1,,0
GGTCAAGACTACTTCG-1,,0
GGTCACGTTAGATTCA-1,,0
GGTCAGTGGGTCCCAC-1,,0
GGTCCACGTCTATTTG-1,,0
GGTCGGATAAACGGCG-1,,0
GGTCGGCCAGGAGCTT-1,,0
GGTCGGTAATTAGACA-1,,0
GGTCGGTCGTCCACAG-1,,0
GGTCGTAAGCTCGCAC-1,,0
GGTCTCCGTCCAGGTT-1,,0
GGTCTCTGAATGGACT-1,,0
GGTCTGAGAATCTGGA-1,GC,1
GGTCTTGAGCGCTCTT-1,,0
GGTGAAACCGGGAATG-1,,0
GGTGAACGGGCTAGCC-1,,0
GGTGAAGTACAGGGAT-1,,0
GGTGAGATGCAGATAA-1,,0
GGTGATAAGGAGCAGT-1,,0
GGTGATTTCATCTTGT-1,,0
GGTGCAGAGCCTATCG-1,,0
GGTGCATAAATGATTA-1,,0
GGTGCGGATAAGTGGC-1,,0
GGTGCTGATCACAAAG-1,,0
GGTGCTGGTACACATT-1,,0
GGTGGACCACGTGTTA-1,,0
GGTGGACTGCTCTGGC-1,,0
GGTGGGATTAGGTCCC-1,,0
GGTGTAAATCGATTGT-1,,0
GGTGTAGGTAAGTAAA-1,,0
GGTGTTCTGTTTCTAC-1,,0
GGTTACCACCCTCGGG-1,,0
GGTTACCGCTCCCTAC-1,,0
GGTTAGCTATATGTCT-1,,0
GGTTAGGCTTGGAGAA-1,,0
GGTTAGTTACGGCGCC-1,,0
GGTTCCACCCGCTTCT-1,,0
GGTTCCGTACGACTAA-1,,0
GGTTCGGATTATACTA-1,,0
GGTTCTACTCGTCTGA-1,,0
GGTTGTATCGTGAAAT-1,,0
GGTTGTGTAGCCTGGC-1,GC,1
GGTTTAATTACCATCG-1,,0
GGTTTAATTGAGCAGG-1,,0
GGTTTACAATCTCAAT-1,,0
GGTTTAGCCTTTCTTG-1,,0
GGTTTCAATCGGTCAG-1,,0
GGTTTGACAAGAAGCT-1,,0
GGTTTGAGTGCTGGAA-1,,0
GGTTTGTGACCTGAGG-1,,0
GTAACAGGTTAACGGC-1,,0
GTAACTACGTAGACCT-1,,0
GTAACTGCCCAAGGAG-1,,0
GTAACTTGCGGCAGTC-1,,0
GTAAGCGGGCAGTCAG-1,,0
GTAAGGATTTGTCGGA-1,,0
GTAAGTAACAGTCTGG-1,,0
GTAAGTAGGGTATACC-1,,0
GTAATAAAGGGCTCCC-1,GC,1
GTAATCTGATTCTTCG-1,,0
GTACACTTACCTGAAG-1,,0
GTACAGAGGCAAGGGT-1,,0
GTACGACGGCGCTGCG-1,,0
GTACGAGATTGCGACA-1,GC,1
GTACGCTTCATTGCAC-1,,0
GTACGTCACGTATTAA-1,,0
GTACGTTTGCCCGTCA-1,GC,1
GTACTAAGATTTGGAG-1,,0
GTACTACGGCCTCGTT-1,,0
GTACTCCCTTATCGCT-1,,0
GTACTCCTGGGTATGC-1,,0
GTACTGAGGTCGTAAC-1,,0
GTACTGCATGAAGCGT-1,,0
GTACTGGAGTTAGACC-1,,0
GTACTTGGGCACTTCT-1,,0
GTAGAAACGGGTGGAG-1,,0
GTAGACAACCGATGAA-1,,0
GTAGACACGCCTGACT-1,GC,1
GTAGACGTCGTTACAT-1,,0
GTAGAGGGAGACAAGT-1,,0
GTAGCCAAACATGGGA-1,,0
GTAGCGCTGTTGTAGT-1,,0
GTAGCGGCTATACACT-1,,0
GTAGCTAGTAAGCGCG-1,,0
GTAGCTCCGGGAGGCT-1,,0
GTAGCTTCCTCTTGTT-1,,0
GTAGGTGATCCGTGTA-1,,0
GTAGTCGCGGGAATCA-1,,0
GTAGTCTACGATATTG-1,,0
GTAGTGAGCAACCTCA-1,,0
GTAGTTCGAAGGCGAA-1,,0
GTAGTTTAAGCACACG-1,,0
GTATAGGACTCAGTAG-1,GC,1
GTATAGTGGCCCATGT-1,,0
GTATATGTTACGGCGG-1,,0
GTATCAAACGTTAGCT-1,,0
GTATCAAGGTACTTCC-1,,0
GTATCAGCTTGGGTTC-1,,0
GTATCCTTTGGTAACC-1,,0
GTATCTCAGTCTTGAC-1,,0
GTATCTCCCTAACTGT-1,GC,1
GTATCTCGGGCGCTTT-1,,0
GTATCTTGTTGCTCAC-1,,0
GTATCTTTCATAACCA-1,,0
GTATGAAATTTCACTC-1,,0
GTATGACGTGGGAAAC-1,,0
GTATGTGGGTCTAGTT-1,,0
GTATTAAGGCGTCTAA-1,,0
GTATTAGGGTTCGCGT-1,,0
GTATTCTGAGAAACGA-1,,0
GTATTCTTACCGTGCT-1,,0
GTCAAAGAAGTGGTGT-1,,0
GTCAAAGTTTACATAG-1,,0
GTCAACCAGGCCTATA-1,,0
GTCAAGCGGACTCGGG-1,,0
GTCAATTGTACTGAAG-1,,0
GTCACAAAGTTTCCAA-1,,0
GTCACCTGTCTATGTC-1,,0
GTCACTCTCCAAATCT-1,,0
GTCAGAATAGTCTATG-1,,0
GTCAGTTGTGCTCGTT-1,,0
GTCAGTTTGGTAGTCG-1,,0
GTCATCCCAAACTCAC-1,,0
GTCATGCACCTCCGTT-1,GC,1
GTCATGCGCGAGGGCT-1,,0
GTCATGGACATGACTA-1,,0
GTCATTAGAGCGAACG-1,,0
GTCATTGCATTGACCC-1,,0
GTCCAATATTTAGCCT-1,,0
GTCCACGTCGCATTCG-1,,0
GTCCAGGCACGTGTGC-1,,0
GTCCATTACTGCTACG-1,,0
GTCCCAACGTAAAGTA-1,,0
GTCCCGCGACGTTATG-1,,0
GTCCGGACCTGAAATT-1,,0
GTCCGGCTGAATTGCG-1,,0
GTCCGGGTTCACATTA-1,,0
GTCCGTTAGAGGGCCT-1,,0
GTCCTACAGGCGGCTC-1,,0
GTCCTACGAATAGTCT-1,,0
GTCCTACTCTACGGGC-1,,0
GTCCTAGGATACCTTA-1,,0
GTCCTTCTAGTGGGTT-1,,0
GTCCTTTAATGACTTC-1,,0
GTCGAATTTGGGCGCT-1,,0
GTCGCCGTTGTGTGTT-1,,0
GTCGCGTAACCCGTTG-1,,0
GTCGGAAGGATACCAG-1,,0
GTCGGATATCTCAGAC-1,,0
GTCGGATGTAGCGCGC-1,,0
GTCGGGAAGCAGAAAC-1,,0
GTCGTACCATCTCGGG-1,,0
GTCGTATTGGCGTACA-1,,0
GTCGTCAATTATAAGG-1,,0
GTCGTGTCTGGTCATC-1,GC,1
GTCGTTATTCGCTTAT-1,,0
GTCTACTCAATTACAA-1,,0
GTCTAGTGAGCCGCTT-1,,0
GTCTATACACGCATGG-1,,0
GTCTATCTGAGTTTCT-1,GC,1
GTCTATTGCATGCTCG-1,,0
GTCTATTGGTTCCGGT-1,,0
GTCTCAAGGCCCGGCT-1,,0
GTCTCCGCCTCAATAC-1,,0
GTCTCCTGCCAGTATG-1,,0
GTCTCGACTAAGTTTG-1,GC,1
GTCTCGATCTGCTTTC-1,,0
GTCTCGCCAACACGCC-1,,0
GTCTGCCGACTCGACG-1,GC,1
GTCTGGGCGGTCGAGA-1,,0
GTCTGTAGGTTGAACA-1,,0
GTCTTACCACGCCAAG-1,,0
GTCTTAGTACAGCCGG-1,,0
GTCTTGAGGAGCAGTG-1,,0
GTCTTGTAGCTATTCA-1,,0
GTGAAACGGCGCCACC-1,,0
GTGAAACGTGCTCCAC-1,,0
GTGAACTCCCATTCGA-1,,0
GTGAAGATTTCAAGTG-1,,0
GTGAAGCCGTATAGTC-1,,0
GTGAAGTCACGACTCG-1,,0
GTGACAGCTTCCCACT-1,,0
GTGACCGCACACTACG-1,,0
GTGACGAGGGTGACCC-1,,0
GTGACGCAGGTTTCAT-1,,0
GTGACTTCAGTAGTGC-1,,0
GTGAGATAACCTTATA-1,,0
GTGAGCGTGCTGCACT-1,,0
GTGAGGACACTTAAGG-1,,0
GTGAGGAGCGGTTGAG-1,,0
GTGAGTGGTACAACGC-1,,0
GTGATCAAGCGTGCAC-1,,0
GTGATCACTAACGCCT-1,,0
GTGATCATAGATCTGC-1,,0
GTGATCCTTGTCATGA-1,GC,1
GTGATGCACAACATCT-1,,0
GTGATTCGCCGCTCAA-1,,0
GTGCAACAAATGTGGC-1,,0
GTGCACCAGCTTCAAC-1,,0
GTGCACGAAAGTGACT-1,,0
GTGCCATCACACGGTG-1,,0
GTGCCCGTTCGGATTC-1,GC,1
GTGCCGCTTCAAAGGT-1,,0
GTGCCTCAGTGTACGG-1,,0
GTGCCTGAGACCAAAC-1,,0
GTGCGAAATCGAACAC-1,,0
GTGCGACAGGGAGTGT-1,,0
GTGCGCAGCTTGCTCC-1,,0
GTGCGCTTACAAATGA-1,,0
GTGCGGGACCATCGGC-1,,0
GTGCGGGTCTCCAAAT-1,GC,1
GTGCGTGTATATGAGC-1,GC,1
GTGCTATCCAGCTGGA-1,,0
GTGCTCAAGTACTGTC-1,,0
GTGCTGTTAGAACATA-1,GC,1
GTGCTTACATCAGCGC-1,,0
GTGGAACCTACATGCG-1,,0
GTGGACCAACCCGATT-1,,0
GTGGACGCATTTGTCC-1,,0
GTGGACGTGCTGAGAC-1,,0
GTGGAGCGTTTACCGA-1,,0
GTGGAGTCGGCGGTTG-1,,0
GTGGCAAACAGCGGCA-1,,0
GTGGCCGGTTTCTCGG-1,,0
GTGGCGGGCCGTAGCT-1,,0
GTGGCGGTCCCAGCGT-1,GC,1
GTGGCTGTTTCTGTTC-1,,0
GTGGGAACAAACCGGG-1,,0
GTGGGAAGACTGAATC-1,,0
GTGGGCTTAGACACAC-1,,0
GTGGTATAGTCTGCCG-1,,0
GTGGTCAGCGAAGTAT-1,GC,1
GTGGTGGCCAAGTGAA-1,,0
GTGGTTACTTCTTTCG-1,GC,1
GTGGTTTCCGCCTTTC-1,,0
GTGTACCTTGGCTACG-1,,0
GTGTATATCAGCGGGC-1,,0
GTGTATGACTTTAAAG-1,,0
GTGTCAGTGTACGTGG-1,,0
GTGTCCGATAAGGCAT-1,,0
GTGTCGTATAGCGTTC-1,,0
GTGTCGTATTCACCTT-1,,0
GTGTGAATAACTTAGG-1,,0
GTGTGAGCCGAGGTGC-1,GC,1
GTGTTACTATGCGTCC-1,,0
GTTAAAGTAGGACTGG-1,,0
GTTAACATCACTTAAA-1,,0
GTTAACTATGTTGTCA-1,,0
GTTAAGGGTGCGATGT-1,,0
GTTAAGTTAGAGTGGG-1,,0
GTTAATGTCTATCTTA-1,,0
GTTACAATTGGTGACG-1,,0
GTTACCTACAACTTGC-1,,0
GTTACGAAATCCACGC-1,,0
GTTACGGCCCGACTGC-1,,0
GTTACTTTGGGCCTAG-1,,0
GTTAGAGTGTGCCGCT-1,,0
GTTAGCCCATGACATC-1,,0
GTTAGCCGTAAATCAA-1,,0
GTTAGGCTACCCGTTT-1,,0
GTTATAATACGGTGAA-1,,0
GTTATATCAGGAGCCA-1,,0
GTTATATTATCTCCCT-1,,0
GTTATCAAGCTATCGA-1,,0
GTTATCACCTTCTGAA-1,,0
GTTATTAAATACGACC-1,,0
GTTATTAACGTGGGAG-1,,0
GTTCAATCTATGTCAA-1,,0
GTTCACAGGAGTCTAG-1,,0
GTTCAGTCGCCAAATG-1,,0
GTTCATCGTTTGGCTG-1,GC,1
GTTCCAAGACAGCGAC-1,,0
GTTCCAGTCTGACCAT-1,,0
GTTCCGTCCGCCTGCA-1,,0
GTTCGACAATTGTATA-1,,0
GTTCGCCATAAGTGCC-1,,0
GTTCGCTGAGACGTCT-1,,0
GTTCGGAGCACTCAAC-1,,0
GTTCGGATCGGGAACA-1,,0
GTTCGGGCGTACCATT-1,GC,1
GTTCGTCTAAAGAACT-1,,0
GTTCGTTGCGGACCAG-1,GC,1
GTTCTTCCCTCGATGT-1,,0
GTTCTTGTAACTCAAT-1,,0
GTTGAACCGGTTCCAT-1,,0
GTTGAGTCCCGCCGGT-1,,0
GTTGCACGGAGTTTCG-1,,0
GTTGCCCTAACGGGTG-1,,0
GTTGGACCGCATCAGG-1,,0
GTTGGATTCAGTGGCT-1,,0
GTTGGATTGAGAACAC-1,,0
GTTGGATTTGCGTTGG-1,,0
GTTGGTCATGCTATCC-1,,0
GTTGTAGATTTATGAG-1,,0
GTTGTCGTGTTAGTTG-1,,0
GTTGTTACATTGCGCT-1,,0
GTTTACGTTCCATCTG-1,,0
GTTTCAAACGAGTTGT-1,,0
GTTTCATATCGTCGCT-1,,0
GTTTCCTGGAGGGTGA-1,,0
GTTTCTAGAGGCGCGG-1,,0
GTTTCTGCAGTCTCCC-1,,0
GTTTGACCAAATCCTA-1,,0
GTTTGAGCGGTTATGT-1,,0
GTTTGGCCCAAGTTAT-1,,0
GTTTGGCCGCTCAGCG-1,,0
GTTTGGGCTTGTGAGC-1,,0
GTTTGGGTTTCGCCCG-1,,0
GTTTGGTAGGGTCAAC-1,,0
GTTTGGTGATCGGTGC-1,,0
TAAACCCAGGAGGGCA-1,,0
TAAAGACAACCCTTTA-1,,0
TAAAGAGCCCGAAACC-1,,0
TAAAGCGGTATTTCCA-1,,0
TAAAGCGTTAGGAGAA-1,,0
TAAAGCTGCAATAGGG-1,,0
TAAAGGAGAAACTAGT-1,,0
TAAAGTGCACGTCTCG-1,,0
TAAATGAATCCGTTTC-1,,0
TAAATGCCGTCTCATG-1,,0
TAAATTGTGGGTAAAG-1,,0
TAAATTTAGTAACACC-1,,0
TAACAAAGGGAGAAGC-1,,0
TAACAATATTTGTTGC-1,,0
TAACAGCGTTTGTGCT-1,,0
TAACAGGTTCCCTTAG-1,,0
TAACATACAATGTGGG-1,,0
TAACATACACGCGATC-1,,0
TAACCGCCCGCAGTGC-1,,0
TAACCTACCGTCCGAG-1,GC,1
TAACCTAGGGAGTCCA-1,,0
TAACGCTTTGAGAGCG-1,,0
TAACTATCGAAGGTCC-1,,0
TAACTATTACGCCAAA-1,GC,1
TAACTCATCCGCGCGG-1,,0
TAACTCCATGGAGGCT-1,,0
TAAGAGGGACAGGGAC-1,GC,1
TAAGATTTAGCGGGAG-1,,0
TAAGCAGGCGACACGC-1,GC,1
TAAGCCCTTACGACCA-1,,0
TAAGCGCGAATCAAAT-1,,0
TAAGGAACTTGTGGGA-1,,0
TAAGGCAACATAAGAT-1,,0
TAAGGCATAACATCAA-1,,0
TAAGGCCCGTCACCCT-1,,0
TAAGGCTGAATCCCTC-1,,0
TAAGGGCCTGTCCGAT-1,,0
TAAGGGCTGGGAGAGG-1,,0
TAAGTAAATGTGCCGC-1,,0
TAAGTAACATCTTGAC-1,,0
TAAGTCGCCGAGTATC-1,,0
TAAGTGAATAGTCTAC-1,,0
TAAGTTGCGACGTAGG-1,,0
TAATAAACAAGGAGAT-1,,0
TAATACACAGTAGTAT-1,,0
TAATACTAGAACAGAC-1,,0
TAATAGAACAGAGTTA-1,,0
TAATAGGTCACCAGAA-1,,0
TAATAGTGACGACCAG-1,,0
TAATATTGAAATTCGC-1,,0
TAATCAGGAATGCTGC-1,,0
TAATCGATCCGTACGT-1,,0
TAATGAAAGACCCTTG-1,,0
TAATGTCGGTTCATGG-1,,0
TAATTACGTCAGTAGA-1,,0
TAATTAGATGGATATG-1,,0
TAATTAGGACATCCGT-1,,0
TAATTGGAATCGGGAA-1,,0
TACAAATTGCGGAGGT-1,GC,1
TACAACGCACAACTCA-1,,0
TACAAGCTGTTCACTG-1,,0
TACAAGGGCTTCTTTA-1,,0
TACAAGTCTCGTGCAT-1,,0
TACAATGAAACCAGCA-1,,0
TACACAGCCGTGGTGC-1,,0
TACACCGTCGTTAGTC-1,,0
TACACCTCTTCGAATC-1,GC,1
TACAGAAACGGTGGGC-1,,0
TACATAGGCATACACC-1,,0
TACATCCCTATCCCTG-1,,0
TACATTTCTAACGTGC-1,,0
TACCAAATAGCCCAGA-1,,0
TACCAATAAAGTACCA-1,,0
TACCAGAAGTAGGTTC-1,,0
TACCAGCTAGGTTTAA-1,GC,1
TACCAGGAATCCCGTC-1,,0
TACCGAATAATTGTAA-1,,0
TACCGCGGACTTGCAG-1,,0
TACCGGCTCACTGCCC-1,,0
TACCGGTCGTTTCCAT-1,,0
TACCGTAGGTTAACTA-1,,0
TACCGTGCCTCGGACC-1,,0
TACCTACTCCCAGTAT-1,,0
TACCTCACGCTTGTAC-1,,0
TACCTCAGTTGTCTGT-1,,0
TACCTCCACACCAATG-1,,0
TACCTGCTGCACTGTG-1,,0
TACCTTAAGATTTCCC-1,,0
TACGAACACGACTTCA-1,,0
TACGACGCTTGCTGCG-1,,0
TACGACTGCCTCTTAG-1,GC,1
TACGAGAACTTCACGT-1,GC,1
TACGATGTTGATCATC-1,,0
TACGCAGTTCTTTCCT-1,,0
TACGCCATATTCTAAT-1,,0
TACGCCGAGGGTACCC-1,,0
TACGCCTCCATTCCGA-1,,0
TACGCTATAGAAACCT-1,GC,1
TACGCTCCTAGAACTG-1,,0
TACGCTCGGTATTGGA-1,,0
TACGCTGATAGTTGTA-1,,0
TACGCTGCTGTGTTAA-1,,0
TACGGAAGCCAAACCA-1,,0
TACGGCATGGACGCTA-1,,0
TACGGGATGCTAGCAG-1,,0
TACGGGTAATAACATA-1,GC,1
TACGTAAAGCGGAGTG-1,,0
TACGTACTAGTGCTGA-1,,0
TACGTGCACTATGCTG-1,,0
TACGTGGGCCCAGGGC-1,,0
TACGTTTACCGGCAAT-1,,0
TACTACGTGCAATGCG-1,,0
TACTATGGTTCCTCAG-1,,0
TACTCCTCTAGTTGAC-1,,0
TACTCGGCACGCCGGG-1,,0
TACTCGTTTGAATCAA-1,,0
TACTCTCCGAACAAAT-1,,0
TACTCTTACTTTACTG-1,,0
TACTCTTTCGTCTTCA-1,,0
TACTGAACAGATTTAG-1,,0
TACTGAGGGAAGAAAG-1,,0
TACTGCAATCAATTAC-1,,0
TACTGCATGATTAAAT-1,,0
TACTGGACAGCTCGGC-1,,0
TACTTGTTAGTAGTCC-1,,0
TACTTTACTGAGCCGG-1,,0
TACTTTCCGCACGCCA-1,,0
TAGAAACCACTAAGTA-1,,0
TAGAAAGGTGGCGCTA-1,GC,1
TAGAAATTCACGTATA-1,,0
TAGAATAGCCGATGAA-1,,0
TAGAATTAAGGGCAAC-1,,0
TAGACGAAACGCCAAT-1,,0
TAGACGCCCGTACCGG-1,,0
TAGACTACCTAGCGTT-1,,0
TAGACTCAGTTGGCCT-1,,0
TAGAGATCATGCAACT-1,,0
TAGAGCTACGAAGAAC-1,,0
TAGAGGGAGTTTATCT-1,,0
TAGAGGTTCTACTTGT-1,,0
TAGAGTCTAAGCGAAC-1,,0
TAGATATGGACTGGAA-1,,0
TAGATCCGAAGTCGCA-1,,0
TAGATGGTTCCTTACT-1,,0
TAGATTCAAAGTGCGG-1,,0
TAGATTCCTGGTTATT-1,,0
TAGCAACCTGTCACAA-1,,0
TAGCAGATACTTAGGG-1,GC,1
TAGCAGTATGACTAAA-1,,0
TAGCCATTTCAAAGTC-1,,0
TAGCCGGCGGTCAGCG-1,,0
TAGCGTCCCTCGATTG-1,,0
TAGCGTCCGGTGTGGT-1,,0
TAGCGTTGGGTCTTAC-1,,0
TAGCTAAGTCCGGGAG-1,,0
TAGCTAGAAGGCATGA-1,,0
TAGCTAGTGATGATGG-1,,0
TAGCTCAGATCCTAGT-1,,0
TAGCTCGCCTGATAAC-1,,0
TAGCTGATGTGAAGCG-1,,0
TAGGAACAGCCTCCAG-1,,0
TAGGAGGCTCGAGAAC-1,,0
TAGGATCTTAACCGCA-1,,0
TAGGCATGTTACGCCA-1,,0
TAGGCGATGAGGTCTC-1,,0
TAGGCGGCTGCAAAGA-1,GC,1
TAGGCTAAAGTGGCAC-1,,0
TAGGGAGCTTGGGATG-1,,0
TAGGGTGTTTCAAGAG-1,,0
TAGGTCCAAGTAAGGA-1,,0
TAGGTCGCCGGAACTG-1,GC,1
TAGGTGACGATAACCT-1,,0
TAGGTGAGCCCTACTC-1,,0
TAGGTGCTCGCCTAGC-1,GC,1
TAGGTGTTCCACAGAT-1,,0
TAGGTTCGAGTTCGTC-1,,0
TAGGTTCTGCTGAGAA-1,,0
TAGTACCACAACTTTC-1,GC,1
TAGTACCTTAGTGGTC-1,,0
TAGTAGCTTATACCAG-1,,0
TAGTAGTTGCCGGACA-1,,0
TAGTCCCGGAGACCAC-1,,0
TAGTCCGCAGAGAATG-1,,0
TAGTCCTGCACTAAGC-1,,0
TAGTCGATCACGGGTT-1,,0
TAGTCTAACAACGAGA-1,,0
TAGTCTGCGGCACATT-1,,0
TAGTCTGTGACGTTGC-1,,0
TAGTCTTTCCGAATTG-1,,0
TAGTGAGAAGTGGTTG-1,,0
TAGTGCCCTCCAGAGT-1,,0
TAGTGGAACTCATACA-1,,0
TAGTGTCAGAAACGGC-1,,0
TAGTTAAGATAGGATA-1,,0
TAGTTTATTCTTGCTT-1,,0
TATAAATCCACAAGCT-1,,0
TATAAGTGAGGATAGC-1,,0
TATACACAGACGCCTT-1,,0
TATACACGCAAAGTAT-1,,0
TATACGCGTCATCACT-1,,0
TATACTCATGCGGCAA-1,,0
TATAGAGTCGCTTGAA-1,,0
TATAGATGGTCGCAGT-1,,0
TATAGCGCACGTTATC-1,,0
TATAGGGTACTCATGA-1,GC,1
TATAGTTAGGTGTACT-1,,0
TATATAGGGCTTTACG-1,,0
TATATATCGAGAAATG-1,,0
TATATCAAAGTGATCT-1,,0
TATATCCCTGGGAGGA-1,,0
TATATTACAAATGTCG-1,,0
TATATTCGCGTCGATA-1,,0
TATCACAGCACGGGCA-1,GC,1
TATCACCATGTAAAGT-1,GC,1
TATCACCCAACCGACC-1,,0
TATCACTTCGAGTAAC-1,,0
TATCAGTGGCGTAGTC-1,,0
TATCCAATTGGTTATC-1,,0
TATCCATATCATGCGA-1,,0
TATCCATCTCGGTTAG-1,,0
TATCCCTCGATCTGCA-1,GC,1
TATCCGCACCGTCGGG-1,,0
TATCCTATCAACTGGT-1,,0
TATCCTGCATGGGAAT-1,,0
TATCGATCTATGCATA-1,,0
TATCGATGATTAAACG-1,,0
TATCTACAGAGGTAAT-1,,0
TATCTACCACAGCGGG-1,,0
TATCTAGCCTAAAGGA-1,,0
TATCTGAGCCGATATT-1,,0
TATCTTGCAATACAAC-1,,0
TATGAAGACAGGTGCG-1,,0
TATGATAAATCTAACG-1,,0
TATGATCCGGCACGCC-1,GC,1
TATGATCTTCTCTTTA-1,,0
TATGATTCTGCTTGGT-1,,0
TATGCTCCCTACTTAC-1,,0
TATGGAGTTTCTCGTT-1,,0
TATGGATGTGCTACGC-1,,0
TATGGCAGACTTTCGA-1,GC,1
TATGGCCCGGCCTCGC-1,,0
TATGGGACCGAGCAGG-1,,0
TATGGGTACGTATCGT-1,,0
TATGGTCTGAGTAACA-1,,0
TATGGTTAGTGGGAGA-1,,0
TATGTAAAGTGCTTAA-1,,0
TATGTAGAAACCCGGC-1,,0
TATGTCAAGACCGACT-1,,0
TATGTCTCATTGTGCC-1,,0
TATTAACACCAAAGCA-1,,0
TATTAACCTGACCGCG-1,,0
TATTACCATCCTGCTT-1,,0
TATTATGTTTGCCTGC-1,,0
TATTCAATTCTAATCC-1,,0
TATTCCACTCAGCTCG-1,,0
TATTCCGAGCTGTTAT-1,,0
TATTCCGGCAGTCCTA-1,,0
TATTCCTCCGCCCACT-1,,0
TATTCGTGCCAGAATA-1,,0
TATTGACATTTCTGCC-1,,0
TATTGCCGGGCTTGTA-1,,0
TATTTAGTCTAGATCG-1,,0
TATTTATACCGAGTAG-1,,0
TATTTGTTACCCTTTA-1,,0
TCAAACAACCGCGTCG-1,,0
TCAAACTTAGATTGTT-1,,0
TCAAAGAGCTATCTGT-1,,0
TCAAAGTCACGGCGTC-1,,0
TCAAATTGTTGTGCCG-1,,0
TCAAATTTGAGACTCA-1,,0
TCAACAAAGATAATTC-1,,0
TCAACACATTGGGTAA-1,,0
TCAACATAGCGCCCTA-1,,0
TCAACATCGACCGAGA-1,,0
TCAACCATGTTCGGGC-1,,0
TCAACGAGGAGACAAA-1,,0
TCAACGCAGGAAATAA-1,,0
TCAACGCGACCGGCAG-1,,0
TCAACTAACGTATAAC-1,,0
TCAAGAAATACTAGCT-1,GC,1
TCAAGGTTACTACACC-1,,0
TCAATACGCCGTCATG-1,,0
TCACAAACCGAGGTAC-1,,0
TCACAGCAAACTCGAA-1,,0
TCACAGGAGAATAAGA-1,,0
TCACAGGGAATCGCAA-1,,0
TCACAGGTTATTGGGC-1,,0
TCACATCTTATCTGAT-1,,0
TCACCCTCTTAAGATT-1,,0
TCACCGCTCGGCACTC-1,,0
TCACGATGTCCGTGGA-1,,0
TCACGCATTGTAGATC-1,,0
TCACGGCCCAAGAGAG-1,,0
TCACGGTCATCGCACA-1,,0
TCACGTGCCCGATTCA-1,,0
TCACTACGACCAATGC-1,,0
TCACTATCGTGCAATC-1,,0
TCACTCAGCGCATTAG-1,,0
TCACTCGTGCAACGGC-1,,0
TCAGAACCTCCACAGG-1,,0
TCAGAACGGCGGTAAT-1,,0
TCAGACGCTATAGAAG-1,,0
TCAGAGGACGCGTTAG-1,,0
TCAGCAAATGCATCTC-1,,0
TCAGCAGTAGGCCCTG-1,,0
TCAGCCAATCCGTAAA-1,,0
TCAGCGCACGCCGTTT-1,,0
TCAGCTTGAGCTTTCG-1,,0
TCAGGGCGCAAACTCG-1,,0
TCAGGGTGCACGAAAC-1,,0
TCAGGGTGTAACGTAA-1,,0
TCAGGTTCTTTGAGAA-1,,0
TCAGTACTGACCCGCG-1,,0
TCAGTAGGGACTATAA-1,,0
TCAGTGTATACGTCAT-1,,0
TCAGTTACGGAATGAT-1,,0
TCATACTTACAGATCC-1,,0
TCATATGAGCTTTGTT-1,,0
TCATCACTCGAGCTCG-1,,0
TCATCCCAGAGGGTGG-1,,0
TCATCCTCAGCTGCTT-1,,0
TCATCGACGACCGTCG-1,,0
TCATCGATGGTCCCAA-1,,0
TCATGCAGGTTCTCAT-1,,0
TCATTCGTATAATTTG-1,,0
TCATTTAAGTCTCCGA-1,,0
TCATTTAGAAGTGTGA-1,,0
TCCAACTCAGCTATCT-1,GC,1
TCCAACTTTAAATTCT-1,,0
TCCAAGCCTAGACACA-1,,0
TCCAATAAAGGCTACC-1,,0
TCCACAATGGTTTACG-1,,0
TCCACATCGTATATTG-1,,0
TCCACCTCTAGCCTTT-1,,0
TCCACTTTATCTAGGT-1,GC,1
TCCAGAGCACCGGTTC-1,,0
TCCAGATGTACGCCAA-1,,0
TCCAGCGCTATAAGCG-1,,0
TCCAGGCAGGACGATC-1,,0
TCCAGGCGAGTACGGT-1,,0
TCCAGGGTATATACGA-1,,0
TCCATCAATACTAATC-1,GC,1
TCCATTAGTTGGATAG-1,,0
TCCATTGTGACCTCGT-1,,0
TCCCAAACAGACAACG-1,,0
TCCCAAACATCCTCTA-1,,0
TCCCAAAGACGAAGGA-1,,0
TCCCAAAGCCCTAAAT-1,,0
TCCCACGGAGGGAGCT-1,,0
TCCCACTCTCTTCCGG-1,,0
TCCCAGGCTTAGCTAA-1,,0
TCCCGCGTACTCCTGG-1,,0
TCCCGGGTGTGCTGCT-1,,0
TCCCGGTCAGGAATTT-1,,0
TCCCGTCAGTCCCGCA-1,,0
TCCCGTCGCGTCATAG-1,,0
TCCCGTGTGCAATTTG-1,,0
TCCCTAGATCAATAGG-1,,0
TCCCTCCGAAATCGTT-1,GC,1
TCCCTCTTCTCAAGGG-1,,0
TCCCTGGCGTATTAAC-1,,0
TCCCTGGCTCGCTGGA-1,,0
TCCCTTAGATTACTCG-1,,0
TCCCTTGTCTGAAACT-1,,0
TCCGAACTTGGCTTAC-1,,0
TCCGAAGTAGTCACCA-1,,0
TCCGAATGGTCCTGAG-1,,0
TCCGACCGCTAATCAA-1,,0
TCCGAGAAGGCTAAGC-1,,0
TCCGATAATTGCCATA-1,,0
TCCGATGACTGAGCTC-1,,0
TCCGATGGTGCGACAT-1,,0
TCCGATTACATTGCCG-1,,0
TCCGCCTGTCTACAAG-1,,0
TCCGCGGCAGCATCTG-1,,0
TCCGCGGCCCAATGAA-1,,0
TCCGCTGTCATCCCGG-1,,0
TCCGCTTATCCCATTA-1,,0
TCCGGAGGAAGGGCTG-1,,0
TCCGGCCTAGCGTACA-1,,0
TCCGGCCTGCATCGAT-1,,0
TCCGGGCTTGACGGGA-1,,0
TCCGGTTCGTCCGGTC-1,,0
TCCGTAACCACAATCC-1,,0
TCCGTTAAGCTAATAT-1,,0
TCCGTTTAGCCTTGAA-1,,0
TCCTAAAGATTCAGAC-1,,0
TCCTAAATTGGGAAGC-1,,0
TCCTAACCGTCGGGCA-1,,0
TCCTACATCCACGGCC-1,GC,1
TCCTAGCAAAGAAGCT-1,GC,1
TCCTCCTAAGACATTC-1,,0
TCCTCGGGCTGGGCTT-1,,0
TCCTCTACGAGATGGC-1,,0
TCCTCTCCAGTTGTCC-1,,0
TCCTCTGGCCCATTAG-1,,0
TCCTGCAGCCGCCAAT-1,,0
TCCTGCCAACTGGAGA-1,GC,1
TCCTGCGTTGATACTC-1,,0
TCCTGGCGCTGCCTGG-1,,0
TCCTTACGACGGTCCG-1,,0
TCCTTCAGTGGTCGAA-1,,0
TCCTTGTCCTTTAATT-1,,0
TCCTTTAAATCCGCTT-1,,0
TCCTTTCTTACGCTTA-1,,0
TCGAAATTTAGGACCA-1,,0
TCGAAGAACCGAGCAC-1,,0
TCGAATATCCCGCAGG-1,,0
TCGAATCGCAGGGTAG-1,,0
TCGACAACTGAACCCG-1,,0
TCGACATAGCGTAGCG-1,GC,1
TCGAGACCAACACCGT-1,,0
TCGAGCCAGGCAGGCC-1,,0
TCGAGTCTACGATTCG-1,,0
TCGATAGGCTAGTCGC-1,,0
TCGATTTACGAAACGA-1,,0
TCGCAAAGATGCATTT-1,,0
TCGCACCAGGAGGCAG-1,,0
TCGCATAAAGGGCGCA-1,,0
TCGCATCCCTAAGTGT-1,,0
TCGCATTCAATGACTT-1,,0
TCGCCCAACTGACTCC-1,,0
TCGCCGAAGTTGCGTC-1,,0
TCGCCGACATATTCGC-1,,0
TCGCCGGTCGATCCGT-1,,0
TCGCCTCCTTCGGCTC-1,GC,1
TCGCGTAGCAGTGTCC-1,,0
TCGCGTCCAGAAGGTC-1,,0
TCGCTAAACCGCTATC-1,,0
TCGCTACTGGCTTTGA-1,,0
TCGCTCGATATATTCC-1,,0
TCGCTCGGCACCAGCG-1,,0
TCGCTGCCAATGCTGT-1,,0
TCGCTGGGCGGATTGT-1,,0
TCGCTGTGCGTAAATC-1,,0
TCGCTTTAAACGTTTG-1,GC,1
TCGGAATGACCATCAA-1,,0
TCGGAATGCGCTCTGA-1,,0
TCGGACGCCCAGCCCA-1,,0
TCGGAGAGTATCGGGA-1,,0
TCGGAGTACATGAGTA-1,,0
TCGGATCTGGATGACC-1,,0
TCGGCGAACCCAAACC-1,,0
TCGGCGTACTGCACAA-1,,0
TCGGCTAACTTCCCTT-1,,0
TCGGCTTGTATCGACG-1,,0
TCGGGAACGTGCCTAG-1,,0
TCGGGAGACAGCGTAC-1,,0
TCGGGATTCAAACATA-1,,0
TCGGGCACTTCTGGAT-1,,0
TCGGGCCGTCGTGGTA-1,GC,1
TCGGGTGAAACTGCTA-1,GC,1
TCGGTCCCGACAATAG-1,,0
TCGGTCCCTGACTCCA-1,,0
TCGGTGACCGCTCCGG-1,,0
TCGGTTAGCCATGTAG-1,,0
TCGTAAGACGACATTG-1,,0
TCGTAAGCTCCGAGGA-1,,0
TCGTACCGACGTCAAG-1,,0
TCGTATAGTGCAATTA-1,GC,1
TCGTATTACCCATTGC-1,,0
TCGTATTTCGTCCGGA-1,,0
TCGTCAAGTACGCGCA-1,,0
TCGTCACACTGTTAGC-1,,0
TCGTCCGCTGGCGTCT-1,,0
TCGTCTTAGGCGTTAA-1,,0
TCGTGTACTATGGATG-1,,0
TCGTGTCACGCTGACA-1,,0
TCGTTAGGAGTCCCTA-1,,0
TCGTTCGTTATTATGT-1,,0
TCGTTGCTATCCGGTC-1,,0
TCGTTGGCTCGTCAAT-1,,0
TCGTTTACGCGACCCT-1,,0
TCTAAAGAACAGTCTC-1,,0
TCTAACTGTATGTAAA-1,,0
TCTAATACTGCCTCAG-1,,0
TCTACACGTTCATGCA-1,,0
TCTACCCAATAGAGAG-1,,0
TCTACCGTCCACAAGC-1,,0
TCTACGCACGATCTCC-1,,0
TCTAGCAATCTCCGCC-1,,0
TCTAGCATCTTCGATG-1,,0
TCTAGCATGCCCAGAA-1,,0
TCTAGGTGGCGACGCT-1,,0
TCTAGTGATATCGTGG-1,,0
TCTATCATGCAGTTAC-1,,0
TCTATCCGATTGCACA-1,,0
TCTATCGGTCGCAACA-1,,0
TCTATGCTATAACGAC-1,,0
TCTATTACGCTGGCGA-1,,0
TCTATTACTAGAGGAT-1,,0
TCTCAAATCAATCGGG-1,GC,1
TCTCATGAGATAGGGT-1,,0
TCTCCAACGTAGGTTA-1,,0
TCTCCACAAGTTGAAT-1,,0
TCTCCCTGGGCAGCGT-1,,0
TCTCGAACGAGGTCAC-1,,0
TCTCGACGTATCGCCG-1,,0
TCTCGAGGAGGTTCGC-1,,0
TCTCGGCTCCAGGACT-1,,0
TCTCTAATAGCTGGTA-1,,0
TCTCTTACCGCGAACC-1,,0
TCTGAACCGGTCGGCT-1,,0
TCTGAACTCGTACCCG-1,,0
TCTGAAGCACGTGGTC-1,,0
TCTGAATTCCGTACAA-1,,0
TCTGAGCAATTGACTG-1,,0
TCTGATCGGGTGCTAG-1,,0
TCTGATGTATTCTGTC-1,,0
TCTGCATACCTTGCTT-1,,0
TCTGCCAGAAACTGCA-1,,0
TCTGCGTCCGGTTTCT-1,,0
TCTGGGAACCTTTGAA-1,,0
TCTGGGTAGCGCTCAT-1,,0
TCTGTCATACAAGAGC-1,,0
TCTGTGACTGACCGTT-1,GC,1
TCTGTGATGGAGGTTG-1,,0
TCTGTGCCATCATAGT-1,GC,1
TCTGTGGCTACATTTC-1,,0
TCTGTTACCCAGCATA-1,,0
TCTTACAGAGGTACCG-1,,0
TCTTACCGGAACTCGT-1,,0
TCTTACGGCATCCGAC-1,,0
TCTTACTTATGCCTCT-1,,0
TCTTAGAGCTCCAATT-1,,0
TCTTAGAGTGAACTCT-1,,0
TCTTATGGGTAGTACC-1,,0
TCTTCCCATGGGCACA-1,,0
TCTTCGAATAGACGTT-1,,0
TCTTCGATACCAATAA-1,,0
TCTTCGCGGTGAGAGG-1,,0
TCTTCTATAACCCGCC-1,,0
TCTTGATGCGTAGCGA-1,,0
TCTTGCTCCCGATACT-1,,0
TCTTGGTAACACCAAA-1,,0
TCTTGGTCAATGATAC-1,,0
TCTTTAAGACTATGAA-1,,0
TCTTTAGAGTCTAACA-1,,0
TCTTTAGCAGGCGAAC-1,,0
TCTTTCATCCGTCCTT-1,,0
TCTTTCTCTTAAGGAG-1,,0
TGAAACCTCAACTCAC-1,GC,1
TGAAACTTATGCAAGC-1,,0
TGAAAGGACCTGACTC-1,,0
TGAACAAGCAGGGACT-1,,0
TGAATACCGACGCGTA-1,,0
TGAATATGCTATAAAC-1,,0
TGAATGAGTGTTTCCC-1,,0
TGAATGTCAGCCGGCC-1,,0
TGACAACTTAAAGGTG-1,,0
TGACACTTCTCTTTGC-1,,0
TGACAGGACAAGTCCA-1,,0
TGACATCGAGCGGACC-1,,0
TGACATGTAACGTGAC-1,,0
TGACCAAATCTTAAAC-1,,0
TGACCAGCTTCAAAGT-1,,0
TGACCCAACTCACATT-1,GC,1
TGACCCACGTTAGACA-1,,0
TGACGAATATTTCCCT-1,,0
TGACGATGCACTAGAA-1,,0
TGACTATAATCCTTTC-1,,0
TGACTCCGAATCATAC-1,GC,1
TGAGAATGCTTTACCG-1,,0
TGAGAGATTTACCACG-1,,0
TGAGATCAAATACTCA-1,,0
TGAGATTAGGCCCTAA-1,,0
TGAGCAGTCGTGAAGT-1,,0
TGAGCCATACAGTCTC-1,,0
TGAGCGGAAAGTGTTC-1,,0
TGAGCTTTAATGACGC-1,GC,1
TGAGGAGTGCCAGCTT-1,,0
TGAGGCATGTACTGTG-1,,0
TGAGGTGTGTGGCGGA-1,,0
TGAGGTTGATCCCAAG-1,GC,1
TGAGTAAATTAGCGTA-1,,0
TGAGTGCCTCTTAAAT-1,,0
TGAGTGGTCCGTGACG-1,,0
TGAGTTAAAGACATTC-1,,0
TGATACATTTAGCCGT-1,,0
TGATAGCGGGATTCTA-1,,0
TGATCACCACACTGAC-1,,0
TGATCAGGGAACTGCT-1,,0
TGATCCCAGCATTAGT-1,GC,1
TGATCGGTTTGACCCT-1,,0
TGATCTACGCTGATCT-1,,0
TGATCTATCACACTCT-1,GC,1
TGATCTCCGGCGCCAG-1,,0
TGATGGCTGTTTCTGA-1,,0
TGATTATGGCACGCAG-1,,0
TGATTCAGGTCCCGCG-1,,0
TGATTCCCGGTTACCT-1,,0
TGATTCGTCTATCACT-1,,0
TGATTCTGTCGCCGGT-1,,0
TGATTTATTAGCTGTG-1,,0
TGATTTCCTCCTGACG-1,,0
TGCAAACCCACATCAA-1,GC,1
TGCAAACGTACTAGTT-1,,0
TGCAAAGTTCGTCTGT-1,,0
TGCAACCCATCTGCGG-1,,0
TGCAACTACTGGTTGA-1,,0
TGCAAGAATGACGTAA-1,,0
TGCAATCTAACACGGT-1,GC,1
TGCAATTTGGGCACGG-1,,0
TGCACAGTGAAGTTAT-1,,0
TGCACGAGTCGGCAGC-1,,0
TGCAGAACTATATCGT-1,GC,1
TGCAGAGTACCGAGCA-1,,0
TGCAGATCGTCCTAGG-1,,0
TGCAGCTACGTACTTC-1,,0
TGCAGGATCGGCAAAG-1,,0
TGCAGTGGTAGGGAAC-1,,0
TGCAGTTTCCTCCCAT-1,GC,1
TGCATATGTCTGTCAC-1,,0
TGCATGGATCGGATCT-1,,0
TGCATGTGACCCATAG-1,,0
TGCATGTGGTAATCTA-1,,0
TGCCAAAGTCAGACTT-1,,0
TGCCAATGGGTACTCT-1,,0
TGCCACCTGGCGAAAC-1,,0
TGCCAGTACGTGGAGA-1,,0
TGCCATGGCTTATAAG-1,,0
TGCCATTACTAAAGAA-1,,0
TGCCCGATAGTTAGAA-1,,0
TGCCCGTACCGTTAAA-1,,0
TGCCGAAAGCGTATTC-1,,0
TGCCGGATGTACGAGC-1,,0
TGCCGTGGATCGTCCT-1,,0
TGCCGTGGGACCCAAT-1,,0
TGCCTAATTGAAGATT-1,,0
TGCCTGACATCGGTCA-1,GC,1
TGCCTGATCAAACGAT-1,GC,1
TGCCTTGGCCAGGCAA-1,,0
TGCGAATATGGGATTT-1,,0
TGCGACACCCTAGTGC-1,,0
TGCGACGGCCGAACGT-1,,0
TGCGAGAATATTACCC-1,,0
TGCGAGATGGCGGCCA-1,,0
TGCGAGCCCTTCCGCG-1,,0
TGCGCAAAGCATTTGG-1,,0
TGCGCGATTAACGGAG-1,,0
TGCGGACTTGACTCCG-1,,0
TGCGGAGTAAAGGTGC-1,,0
TGCGGCATAGTTCAAC-1,GC,1
TGCGGGTATTGGGATC-1,,0
TGCGGTCTACGAGTAA-1,,0
TGCGGTGAAATTTCAT-1,GC,1
TGCGTAAGAACCTGAT-1,,0
TGCGTACGGCTAATTG-1,,0
TGCGTCATGACTGAGC-1,,0
TGCGTGATTGGGTGTC-1,GC,1
TGCGTTTGTTGACACT-1,,0
TGCTAAGTGTCTATTT-1,,0
TGCTATACAAACGGAC-1,,0
TGCTATGGCAAAGGGA-1,,0
TGCTCAAAGGATGCAC-1,,0
TGCTCCACAGTTCTTA-1,,0
TGCTCGGCGAAACCCA-1,,0
TGCTCGGTGGGTCACC-1,,0
TGCTCTTGAGAGTTTG-1,,0
TGCTGGTTGGACAATT-1,,0
TGCTGTTGAAGAACTC-1,,0
TGCTTAGAGAGAATGC-1,,0
TGCTTCCCAAGCAGTA-1,,0
TGCTTGAAACCATGCA-1,GC,1
TGGAACCACTGACACA-1,,0
TGGAAGAAGGGAACGT-1,,0
TGGAAGACGAACACCA-1,,0
TGGAAGGATAAAGATG-1,GC,1
TGGAATATCCTTGACC-1,,0
TGGAATTAGACGCTTT-1,,0
TGGACCAATCTAAGAT-1,,0
TGGACCACGGCGTTGA-1,,0
TGGACGCAATCCAGCC-1,,0
TGGACTGTTCGCTCAA-1,,0
TGGAGAATAATCGTCC-1,,0
TGGAGCTAAAGTTCCC-1,,0
TGGAGTGATGCGATGA-1,,0
TGGATGGCATCTTGGA-1,,0
TGGCAAACTAAATTAC-1,,0
TGGCAACTCGCGCGCC-1,,0
TGGCAAGCACAAGTCG-1,,0
TGGCAATGGGACGGCG-1,,0
TGGCACGAGCTCGAGT-1,,0
TGGCAGATTACGATCA-1,,0
TGGCAGCAGTAATAGT-1,,0
TGGCATGAAGTTTGGG-1,,0
TGGCCAAACTGAAGTA-1,,0
TGGCCAATTTGGTACT-1,,0
TGGCCGTATATTGACC-1,,0
TGGCGACTGCTCCAAA-1,,0
TGGCGATCAAGTTATG-1,,0
TGGCGGTGTGCGATTG-1,,0
TGGCTACACTCTACCT-1,,0
TGGCTATGTGACATAC-1,,0
TGGCTCTTGTCGCGTA-1,,0
TGGCTTGTACAAGCTT-1,,0
TGGCTTTGGGTAGACA-1,,0
TGGGAAATGCCTTTCC-1,,0
TGGGATGCACTCATTC-1,,0
TGGGCAATAGTTGGGT-1,,0
TGGGCACAAACAGAAC-1,,0
TGGGCACGTTCTATGG-1,,0
TGGGCCACAAGAGCGC-1,,0
TGGGCCCATACTAATT-1,,0
TGGGCGATACAATAAG-1,,0
TGGGTAAGGTTCCCGC-1,,0
TGGGTGCACAAGCCAT-1,,0
TGGGTGGGATGTCATT-1,,0
TGGGTGTAATAGATTT-1,,0
TGGGTGTTAAGTAGAA-1,,0
TGGGTTTCGGGCGTAC-1,,0
TGGTAAGCAGGATTGA-1,,0
TGGTAGAATATATGGG-1,,0
TGGTATCGCATCCCAA-1,,0
TGGTATCGGTCTGTAT-1,,0
TGGTCCCACGCTACGG-1,,0
TGGTCGATATACCTCT-1,,0
TGGTCGTTTGATAGAT-1,,0
TGGTCTGTTGGGCGTA-1,,0
TGGTGATCGTATTTGT-1,,0
TGGTGCCCTGCCTTAC-1,,0
TGGTTAACTTACATTT-1,,0
TGGTTAAGGGCGCTGG-1,,0
TGGTTCAACGGGTAAT-1,,0
TGGTTCGTAGCAAAGG-1,,0
TGGTTGGAGGATCCTG-1,,0
TGGTTTAAACGTGGGT-1,,0
TGTAACTTGTCAACCT-1,,0
TGTAATGACCACAATA-1,,0
TGTACCCGACCCTAAT-1,,0
TGTACCTACACGAGGG-1,,0
TGTACGAACAAATCCG-1,,0
TGTACGCTATCAGCTT-1,,0
TGTACTATCGCTCGTT-1,,0
TGTACTGTGCCAAAGT-1,,0
TGTACTTCCGGGCATG-1,,0
TGTAGCCAATTCCGTT-1,,0
TGTAGCCATCCCATTC-1,,0
TGTAGGAGAAATTTCC-1,,0
TGTAGTGATCTATAAT-1,,0
TGTATAACAGATCCTG-1,,0
TGTATCAGACTGAAGC-1,GC,1
TGTATCCTTATTCCAT-1,,0
TGTATGGCGCAGACAG-1,,0
TGTATTTACCTAATGC-1,,0
TGTCATTTGTTGGGAA-1,,0
TGTCCACGGCTCAACT-1,,0
TGTCCCGACATAGCAC-1,GC,1
TGTCCGCAAACAATTC-1,,0
TGTCCGTGGCGCCTTT-1,,0
TGTCCTAAGTCACCGC-1,,0
TGTCGGCATGGTGGAA-1,GC,1
TGTCGTGGGTATAGGC-1,,0
TGTCGTTATCACATAT-1,,0
TGTCTACAGTTTCTGT-1,GC,1
TGTGACTACGCCAGTC-1,,0
TGTGAGACTAGCCCAA-1,,0
TGTGATTCCAGCGCTT-1,,0
TGTGCCGGTGCCGGAA-1,,0
TGTGCTTTACGTAAGA-1,GC,1
TGTGGAGGAAGCTTAA-1,,0
TGTGGCAAAGCGTATG-1,,0
TGTGGCGGGCTTCTGG-1,,0
TGTGGTTGCTAAAGCT-1,,0
TGTGTCGCGAGTTGCA-1,,0
TGTGTTCGTATCCAAG-1,,0
TGTTATTGTATGTGGC-1,GC,1
TGTTCCGCTTCCATGA-1,,0
TGTTCCGGCCTGAGCT-1,,0
TGTTCGTATTGCGGTG-1,,0
TGTTCTTCCATTGACT-1,GC,1
TGTTGATCACTGTTTA-1,,0
TGTTGTCAAGAAGTCT-1,,0
TGTTTAATACTTCATC-1,,0
TGTTTCGGTACTTCTC-1,,0
TGTTTCTGAAGCGTGC-1,,0
TGTTTGAGATCGTCAG-1,,0
TTAAACAGAGTCCCGC-1,,0
TTAAACCGGTAGCGAC-1,,0
TTAAACCTGGTTCCTT-1,,0
TTAAACTCGAATTCAT-1,,0
TTAAAGGCGATGCTCG-1,,0
TTAAAGTAAGTCGCCA-1,,0
TTAACACCTCGAACAT-1,,0
TTAACCAACCCTCCCT-1,,0
TTAACGAACAAGCAGT-1,,0
TTAACGTCGCAAGACC-1,GC,1
TTAACTCACGCGTGGA-1,,0
TTAACTTCAGGTAGGA-1,,0
TTAAGACGAACGAACC-1,,0
TTAAGATACCCAGAGA-1,,0
TTAAGATAGGATTGAC-1,,0
TTAAGCCGACAACTTC-1,,0
TTAAGCGCCTGACCCA-1,,0
TTAAGGATACGGAGGT-1,,0
TTAAGGCCCGTACTTT-1,,0
TTAAGTATTGTTATCC-1,,0
TTAATCAGTACGTCAG-1,,0
TTAATGCGAGGTAACT-1,,0
TTAATGTAGACCAGGT-1,,0
TTAATTGCTTTGGGTG-1,,0
TTAATTTCAGACGCGG-1,,0
TTACAACTACGCATCC-1,,0
TTACACGATCTGCGAC-1,,0
TTACAGACCTAAATGA-1,GC,1
TTACATCGTGGCCTGG-1,,0
TTACATGCCACAACTA-1,,0
TTACCATTGATTACCC-1,,0
TTACCCATTGCCGGGT-1,,0
TTACCCTAACAGTCCT-1,,0
TTACCCTAGGGATTGG-1,,0
TTACCGCCTTAGGGAA-1,GC,1
TTACGGATGGTTCGAG-1,,0
TTACGGTGTCACCGAG-1,,0
TTACGTAGCGCGTGCT-1,,0
TTACGTATCTATGACA-1,,0
TTACTAAAGGACTTTA-1,,0
TTACTATCGGCTTCTC-1,,0
TTACTCCGGCCGGGAA-1,,0
TTACTCTGGTACGTAC-1,,0
TTACTGGGATATTTCA-1,,0
TTACTGTCTAGAGCTC-1,GC,1
TTACTGTTTCTCTACG-1,GC,1
TTAGAAGAACATGACT-1,,0
TTAGAATAAGGGTCGG-1,,0
TTAGACACGATCGTTG-1,,0
TTAGACGAGTCACCTC-1,,0
TTAGAGTATTGTCGAG-1,,0
TTAGAGTTTAGAAGGA-1,GC,1
TTAGATAGGTCGATAC-1,,0
TTAGCAACATGGATGT-1,,0
TTAGCCATAGGGCTCG-1,,0
TTAGCGAATAGATAGG-1,,0
TTAGCTAATACGATCT-1,,0
TTAGCTCTGTAATCCG-1,,0
TTAGCTGATTTGCCGT-1,,0
TTAGGTCATAACCGAC-1,,0
TTAGTAAACCTGCTCT-1,,0
TTAGTAGGGCGGCGGG-1,,0
TTAGTTATTCGTGGCA-1,,0
TTAGTTCAAGTGTTCG-1,,0
TTATAGATGCACATTA-1,,0
TTATAGGTAATTGTCT-1,,0
TTATAGTCCAAGGTGC-1,,0
TTATATACGCTGTCAC-1,,0
TTATATTTGGCAATCC-1,,0
TTATCATACTCGCAAA-1,GC,1
TTATCCAATCGAACTC-1,,0
TTATCCGGGATCTATA-1,,0
TTATCCTCAAGGAATA-1,,0
TTATCGCCTGCGAAGC-1,,0
TTATCTGACATTAGGA-1,,0
TTATCTGTATCATAAC-1,,0
TTATGAATGAAAGGGA-1,,0
TTATGACAAACTGGAT-1,,0
TTATGATCTTAACGAA-1,,0
TTATGCGTCCCGGTCC-1,,0
TTATGTTTGCGATAGA-1,,0
TTATTAGAGCGTGTTC-1,,0
TTATTAGGGAAGCATC-1,,0
TTCAAAGTCTCTAGCC-1,,0
TTCAACGACCCGACCG-1,,0
TTCAAGCCGAGCTGAG-1,,0
TTCAATACTCTGAATC-1,,0
TTCAATTAGCCATAAT-1,,0
TTCACGAAAGGATCAC-1,,0
TTCACGGTCGTCACGT-1,GC,1
TTCACTCGAGCACCTA-1,,0
TTCACTTCCTAGAACG-1,,0
TTCAGAGTAACCTGAC-1,,0
TTCAGCCCTGGTCCAC-1,,0
TTCAGCTGGCGTGCCC-1,,0
TTCAGGCGTCAAAGCC-1,,0
TTCAGTTCAAGAGGAG-1,,0
TTCATGGCGCAACAGG-1,,0
TTCCAATCAGAGCTAG-1,,0
TTCCAATCTGGCTATC-1,,0
TTCCACACAGATTTGA-1,,0
TTCCACATTTCTCGTC-1,,0
TTCCAGACGAGATTTA-1,,0
TTCCAGTGGGTTTCGT-1,,0
TTCCATCATGCGGTGA-1,,0
TTCCATCGACAGCGTG-1,,0
TTCCCGACGCTTCACT-1,,0
TTCCCGGCGCCAATAG-1,,0
TTCCGCAGAGAAATAT-1,,0
TTCCGCGTGAGGCGAT-1,,0
TTCCGGCCTTGAGGCT-1,,0
TTCCGGCTCGACTTCT-1,,0
TTCCGGTATCTGTGTC-1,,0
TTCCGGTTACCCACTT-1,GC,1
TTCCTCGAGGGTGTCT-1,,0
TTCCTCGGACTAACCA-1,,0
TTCCTCTGCCCGAATA-1,,0
TTCCTTTCTGTGTTGC-1,,0
TTCGAACGAAACATGC-1,,0
TTCGACAGAGCCCGTG-1,,0
TTCGACGGGAAGGGCG-1,,0
TTCGCACTCGCGTGCT-1,,0
TTCGCACTGTACGACA-1,,0
TTCGCATCCGGAAGCA-1,GC,1
TTCGCCGCTCGCGCTA-1,,0
TTCGCGCGCCATACGA-1,,0
TTCGCTAGGAAGTTGT-1,,0
TTCGCTATCTGACGTG-1,,0
TTCGGACTGATGCCTT-1,,0
TTCGGACTGGGCATGG-1,,0
TTCGGCAACCCGCTGA-1,,0
TTCGGCTAGAGATGGT-1,,0
TTCGGGACTAATCGCG-1,,0
TTCGGGCGCTAGTCTT-1,,0
TTCGGGTTGCCACGGG-1,,0
TTCGGTACTGTAGAGG-1,,0
TTCGTAATCCCAGCGG-1,,0
TTCGTACTCCAGAACG-1,,0
TTCGTGCATGTTATAG-1,,0
TTCGTTCAACGAAGTT-1,,0
TTCTAACCGAAGCTTA-1,,0
TTCTACCTCAATCGGT-1,,0
TTCTACCTTTATGTTG-1,,0
TTCTACTTGCGAGGGC-1,,0
TTCTAGAAAGTCTTAT-1,,0
TTCTAGGCCAATTGTG-1,,0
TTCTATTAAACGCAGC-1,,0
TTCTCAATTGCTACAA-1,,0
TTCTCTTACAGGTGAT-1,,0
TTCTGACCGGGCTCAA-1,,0
TTCTGCCGCGCCTAGA-1,,0
TTCTGCGAGCGCCCTT-1,,0
TTCTGCGGGTTAGCGG-1,,0
TTCTGCTAGACTCCAA-1,GC,1
TTCTTAGTGAACGGTG-1,,0
TTCTTAGTGGCTCAGA-1,,0
TTCTTATCCGCTGGGT-1,,0
TTCTTCCCTTTGATAT-1,,0
TTCTTCGCAATAGAGC-1,,0
TTCTTGAGCCGCGCTA-1,,0
TTCTTGCTAGCATCTC-1,,0
TTCTTGGACGATCTGC-1,,0
TTCTTGGAGTAATGAG-1,,0
TTCTTGTAACCTAATG-1,,0
TTCTTTGGTCGCGACG-1,,0
TTGAAAGGTGTAAAGG-1,,0
TTGAACGAATCCTTTG-1,,0
TTGAACGACGTGCTGA-1,,0
TTGAAGAATTCCCAGG-1,,0
TTGAAGGATGGGCGCC-1,,0
TTGAATATGGACTTTC-1,,0
TTGAATCGTTGTATAA-1,,0
TTGAATTCACGTGAGG-1,,0
TTGACAGGAGCTCCCG-1,,0
TTGACATGAACGTGGA-1,,0
TTGACCAGGAACAACT-1,,0
TTGACCATGTTCTCCG-1,,0
TTGACCGTGTTAATGA-1,,0
TTGACGATTCAGCACG-1,,0
TTGACGCTCCATGAGC-1,,0
TTGACTACCATATGGT-1,,0
TTGACTATTGTCCGGC-1,,0
TTGAGAAGTTTAGCAT-1,,0
TTGAGAGTACTGCTAA-1,,0
TTGAGCAGCCCACGGT-1,,0
TTGAGCGCCACGTGAT-1,,0
TTGAGGCATTTAACTC-1,,0
TTGAGTCCCGCTGCTG-1,,0
TTGATAGTCAATACAT-1,,0
TTGATCTAACTTTGTC-1,,0
TTGATGCCGCTCGTCG-1,,0
TTGATGTGTAGTCCCG-1,,0
TTGATTAGCTGTTTCT-1,,0
TTGATTATGCAGATGA-1,,0
TTGCAAGAAGACTCCT-1,,0
TTGCACAATTCAGAAA-1,,0
TTGCACGGAGCAGCAC-1,,0
TTGCATGCTGATCACG-1,,0
TTGCCAAGCAGAACCC-1,,0
TTGCCATAGCCCGCTC-1,,0
TTGCCCTGATCACGGG-1,,0
TTGCCGCAGACCTACA-1,GC,1
TTGCCGCTTTCTAGTA-1,,0
TTGCCGGTGATCCCTC-1,,0
TTGCCTAATCCAAAGT-1,,0
TTGCCTTCTCGCCGGG-1,,0
TTGCGGAAAGCTGCCC-1,,0
TTGCGGCATCAGAAAG-1,,0
TTGCGGCGACTCATGC-1,GC,1
TTGCGTAGTTTGAGGA-1,,0
TTGCGTCGGCCAACCG-1,,0
TTGCGTGAACGCTTAG-1,,0
TTGCGTGTGTAGGCAT-1,,0
TTGCTAGCTACCAATC-1,,0
TTGCTCCCATACCGGA-1,,0
TTGCTGAAGGAACCAC-1,GC,1
TTGCTGATCATGTTCG-1,,0
TTGCTGCACCTATCCA-1,,0
TTGCTGGCCGGGCTTC-1,,0
TTGGAAGAATACAGTC-1,,0
TTGGACATGTGGCTTA-1,,0
TTGGACCATCTGGCAA-1,,0
TTGGACCTATAACAGT-1,,0
TTGGAGTCTCCCTTCT-1,,0
TTGGATATCGTCTACG-1,,0
TTGGATCGACTTCTGG-1,,0
TTGGATTGGGTACCAC-1,,0
TTGGCCAAATTGTATC-1,,0
TTGGCCATCTTGCGCT-1,,0
TTGGCCTAGAATTTCG-1,,0
TTGGCTCAATATGTGT-1,,0
TTGGCTCGCATGAGAC-1,,0
TTGGGAAGACGAGCCG-1,,0
TTGGGACACTGCCCGC-1,,0
TTGGGACGTAAGAGTT-1,,0
TTGGGCGGCGGTTGCC-1,,0
TTGGTATGGCTTGTGT-1,,0
TTGGTCACACTCGTAA-1,,0
TTGGTTGCGGTGCGCG-1,,0
TTGTAAGGACCTAAGT-1,,0
TTGTAAGGCCAGTTGG-1,,0
TTGTAATCCGTACTCG-1,,0
TTGTATCACACAGAAT-1,,0
TTGTCGTTCAGTTACC-1,,0
TTGTCTCGGCAAGATG-1,,0
TTGTGAACCTAATCCG-1,,0
TTGTGAGGCATGACGC-1,,0
TTGTGCAGCCACGTCA-1,,0
TTGTGCGGAAGCGGAT-1,,0
TTGTGGCCCTGACAGT-1,,0
TTGTGGTAGGAGGGAT-1,,0
TTGTGGTGGTACTAAG-1,,0
TTGTGTATGCCACCAA-1,,0
TTGTGTTTCCCGAAAG-1,,0
TTGTTAGCAAATTCGA-1,,0
TTGTTCAGTGTGCTAC-1,,0
TTGTTGGCAATGACTG-1,,0
TTGTTGTGTGTCAAGA-1,GC,1
TTGTTTCACATCCAGG-1,,0
TTGTTTCATTAGTCTA-1,,0
TTGTTTCCATACAACT-1,,0
TTGTTTGTATTACACG-1,,0
TTGTTTGTGTAAATTC-1,,0
